City,Population,Public Safety,Public Works,Parks & Rec.,Comm. & Econ. Dev.,Public Health,Public Safety per Person,Public Works per Person,Parks & Rec. per Person,Comm. & Econ. Dev. per Person,Public Health per Person
New York City,"8,046,606.00","$11,178,000,000.00","$2,559,000,000.00","$1,076,000,000.00","$840,000,000.00","$150,000,000.00","$1,389.16",$318.02,$133.72,$104.39,$18.64
Yonkers,"209,530.00","$122,500,000.00","$49,000,000.00","$24,500,000.00","$18,400,000.00","$2,000,000.00",$584.64,$233.86,$116.93,$87.82,$9.55
Schenectady,"68,595.00","$40,000,000.00","$16,000,000.00","$8,000,000.00","$6,000,000.00","$1,000,000.00",$583.13,$233.25,$116.63,$87.47,$14.58
White Plains,"59,562.00","$35,000,000.00","$14,000,000.00","$7,000,000.00","$5,000,000.00","$800,000.00",$587.62,$235.05,$117.52,$83.95,$13.43
Mount Vernon,"72,106.00","$42,500,000.00","$17,000,000.00","$8,500,000.00","$6,000,000.00","$1,000,000.00",$589.41,$235.76,$117.88,$83.21,$13.87
Poughkeepsie,"31,725.00","$18,500,000.00","$7,400,000.00","$3,700,000.00","$3,000,000.00","$400,000.00",$583.14,$233.25,$116.63,$94.56,$12.61
Saratoga Springs,"28,712.00","$17,000,000.00","$6,800,000.00","$3,400,000.00","$2,500,000.00","$400,000.00",$592.09,$236.83,$118.42,$87.07,$13.93
Middletown,"30,617.00","$18,000,000.00","$7,200,000.00","$3,600,000.00","$3,000,000.00","$400,000.00",$587.91,$235.16,$117.58,$97.98,$13.06
Plattsburgh,"19,909.00","$11,500,000.00","$4,600,000.00","$2,300,000.00","$2,000,000.00","$300,000.00",$577.63,$231.05,$115.53,$100.46,$15.07
Watertown,"24,838.00","$14,500,000.00","$5,800,000.00","$2,900,000.00","$2,000,000.00","$400,000.00",$583.78,$233.51,$116.76,$80.52,$16.10
Olean,"13,513.00","$8,000,000.00","$3,200,000.00","$1,600,000.00","$1,200,000.00","$200,000.00",$592.02,$236.81,$118.40,$88.80,$14.80
Peekskill,"25,374.00","$15,000,000.00","$6,000,000.00","$3,000,000.00","$2,300,000.00","$400,000.00",$591.16,$236.46,$118.23,$90.64,$15.76
Rome,"31,508.00","$18,500,000.00","$7,400,000.00","$3,700,000.00","$3,000,000.00","$400,000.00",$587.15,$234.86,$117.43,$95.21,$12.70
North Tonawanda,"30,328.00","$18,000,000.00","$7,200,000.00","$3,600,000.00","$3,000,000.00","$400,000.00",$593.51,$237.40,$118.70,$98.92,$13.19
Port Jervis,"8,650.00","$5,000,000.00","$2,000,000.00","$1,000,000.00","$800,000.00","$100,000.00",$578.03,$231.21,$115.61,$92.49,$11.56
Long Beach,"34,883.00","$20,500,000.00","$8,200,000.00","$4,100,000.00","$3,000,000.00","$500,000.00",$587.68,$235.07,$117.54,$86.00,$14.33
Lackawanna,"19,716.00","$11,500,000.00","$4,600,000.00","$2,300,000.00","$2,000,000.00","$300,000.00",$583.28,$233.31,$116.66,$101.44,$15.22
Mechanicville,"5,081.00","$3,000,000.00","$1,200,000.00","$600,000.00","$500,000.00","$100,000.00",$590.43,$236.17,$118.09,$98.41,$19.68
Rensselaer,"9,171.00","$5,500,000.00","$2,200,000.00","$1,100,000.00","$900,000.00","$100,000.00",$599.72,$239.89,$119.94,$98.14,$10.90
Oneonta,"12,812.00","$7,500,000.00","$3,000,000.00","$1,500,000.00","$1,100,000.00","$200,000.00",$585.39,$234.16,$117.08,$85.86,$15.61
Ogdensburg,"10,291.00","$6,000,000.00","$2,400,000.00","$1,200,000.00","$900,000.00","$100,000.00",$583.03,$233.21,$116.61,$87.46,$9.72
Oneida,"10,421.00","$6,000,000.00","$2,400,000.00","$1,200,000.00","$900,000.00","$100,000.00",$575.76,$230.30,$115.15,$86.36,$9.60
Norwich,"6,792.00","$4,000,000.00","$1,600,000.00","$800,000.00","$600,000.00","$100,000.00",$588.93,$235.57,$117.79,$88.34,$14.72
Sherrill,"3,066.00","$2,000,000.00","$800,000.00","$400,000.00","$300,000.00","$100,000.00",$652.32,$260.93,$130.46,$97.85,$32.62
Salamanca,"5,587.00","$3,500,000.00","$1,400,000.00","$700,000.00","$500,000.00","$100,000.00",$626.45,$250.58,$125.29,$89.49,$17.90
Tonawanda,"14,991.00","$9,000,000.00","$3,600,000.00","$1,800,000.00","$1,400,000.00","$200,000.00",$600.36,$240.14,$120.07,$93.39,$13.34
Hudson,"5,835.00","$3,500,000.00","$1,400,000.00","$700,000.00","$500,000.00","$100,000.00",$599.83,$239.93,$119.97,$85.69,$17.14
Auburn,"26,173.00","$15,500,000.00","$6,200,000.00","$3,100,000.00","$2,300,000.00","$400,000.00",$592.21,$236.89,$118.44,$87.88,$15.28
Little Falls,"4,596.00","$2,500,000.00","$1,000,000.00","$500,000.00","$400,000.00","$100,000.00",$543.95,$217.58,$108.79,$87.03,$21.76
Johnstown,"8,118.00","$5,000,000.00","$2,000,000.00","$1,000,000.00","$800,000.00","$100,000.00",$615.92,$246.37,$123.18,$98.55,$12.32
Wichita,"398,484.00","$79,800,000.00","$31,900,000.00","$15,900,000.00","$12,000,000.00","$2,000,000.00",$200.26,$80.05,$39.90,$30.11,$5.02
Overland Park,"197,726.00","$55,800,000.00","$22,300,000.00","$11,100,000.00","$8,400,000.00","$1,400,000.00",$282.21,$112.78,$56.14,$42.48,$7.08
Kansas City,"152,958.00","$40,000,000.00","$16,000,000.00","$8,000,000.00","$6,000,000.00","$1,000,000.00",$261.51,$104.60,$52.30,$39.23,$6.54
Olathe,"144,465.00","$37,500,000.00","$15,000,000.00","$7,500,000.00","$5,600,000.00","$900,000.00",$259.58,$103.83,$51.92,$38.76,$6.23
Topeka,"125,963.00","$32,500,000.00","$13,000,000.00","$6,500,000.00","$4,900,000.00","$800,000.00",$258.01,$103.20,$51.60,$38.90,$6.35
Lawrence,"95,755.00","$25,000,000.00","$10,000,000.00","$5,000,000.00","$3,700,000.00","$600,000.00",$261.08,$104.43,$52.22,$38.64,$6.27
Shawnee,"68,628.00","$17,500,000.00","$7,000,000.00","$3,500,000.00","$2,600,000.00","$400,000.00",$255.00,$102.00,$51.00,$37.89,$5.83
Lenexa,"59,179.00","$15,500,000.00","$6,200,000.00","$3,100,000.00","$2,300,000.00","$400,000.00",$261.92,$104.77,$52.38,$38.87,$6.76
Manhattan,"54,052.00","$14,000,000.00","$5,600,000.00","$2,800,000.00","$2,100,000.00","$300,000.00",$259.01,$103.60,$51.80,$38.85,$5.55
Salina,"46,335.00","$12,000,000.00","$4,800,000.00","$2,400,000.00","$1,800,000.00","$300,000.00",$258.98,$103.59,$51.80,$38.85,$6.47
Hutchinson,"39,516.00","$10,000,000.00","$4,000,000.00","$2,000,000.00","$1,500,000.00","$200,000.00",$253.06,$101.22,$50.61,$37.96,$5.06
Leavenworth,"37,351.00","$9,500,000.00","$3,800,000.00","$1,900,000.00","$1,400,000.00","$200,000.00",$254.34,$101.74,$50.87,$37.48,$5.35
Leawood,"33,743.00","$9,000,000.00","$3,600,000.00","$1,800,000.00","$1,300,000.00","$200,000.00",$266.72,$106.69,$53.34,$38.53,$5.93
Garden City,"27,594.00","$7,000,000.00","$2,800,000.00","$1,400,000.00","$1,000,000.00","$200,000.00",$253.68,$101.47,$50.74,$36.24,$7.25
Dodge City,"26,873.00","$7,000,000.00","$2,800,000.00","$1,400,000.00","$1,000,000.00","$200,000.00",$260.48,$104.19,$52.10,$37.21,$7.44
Emporia,"24,009.00","$6,000,000.00","$2,400,000.00","$1,200,000.00","$900,000.00","$100,000.00",$249.91,$99.96,$49.98,$37.49,$4.17
Junction City,"22,332.00","$5,500,000.00","$2,200,000.00","$1,100,000.00","$800,000.00","$100,000.00",$246.28,$98.51,$49.26,$35.82,$4.48
Derby,"25,939.00","$6,500,000.00","$2,600,000.00","$1,300,000.00","$1,000,000.00","$200,000.00",$250.59,$100.24,$50.12,$38.55,$7.71
Prairie Village,"23,179.00","$6,000,000.00","$2,400,000.00","$1,200,000.00","$900,000.00","$100,000.00",$258.85,$103.54,$51.77,$38.83,$4.31
Hays,"20,917.00","$5,500,000.00","$2,200,000.00","$1,100,000.00","$800,000.00","$100,000.00",$262.94,$105.18,$52.59,$38.25,$4.78
Pittsburg,"20,266.00","$5,000,000.00","$2,000,000.00","$1,000,000.00","$800,000.00","$100,000.00",$246.72,$98.69,$49.34,$39.47,$4.93
Newton,"18,548.00","$4,500,000.00","$1,800,000.00","$900,000.00","$700,000.00","$100,000.00",$242.61,$97.05,$48.52,$37.74,$5.39
Gardner,"24,206.00","$6,000,000.00","$2,400,000.00","$1,200,000.00","$900,000.00","$100,000.00",$247.87,$99.15,$49.57,$37.18,$4.13
Ottawa,"12,625.00","$3,000,000.00","$1,200,000.00","$600,000.00","$500,000.00","$100,000.00",$237.62,$95.05,$47.52,$39.60,$7.92
Lansing,"11,617.00","$3,000,000.00","$1,200,000.00","$600,000.00","$500,000.00","$100,000.00",$258.24,$103.30,$51.65,$43.04,$8.61
Atchison,"10,656.00","$2,500,000.00","$1,000,000.00","$500,000.00","$400,000.00","$100,000.00",$234.61,$93.84,$46.92,$37.54,$9.38
Winfield,"11,777.00","$3,000,000.00","$1,200,000.00","$600,000.00","$500,000.00","$100,000.00",$254.73,$101.89,$50.95,$42.46,$8.49
Coffeyville,"8,678.00","$2,000,000.00","$800,000.00","$400,000.00","$300,000.00","$100,000.00",$230.47,$92.19,$46.09,$34.57,$11.52
Concordia,"5,066.00","$1,500,000.00","$600,000.00","$300,000.00","$200,000.00","$100,000.00",$296.09,$118.44,$59.22,$39.48,$19.74
Arkansas City,"11,852.00","$3,000,000.00","$1,200,000.00","$600,000.00","$500,000.00","$100,000.00",$253.12,$101.25,$50.62,$42.19,$8.44
Milwaukee,"562,025.00","$194,500,000.00","$77,800,000.00","$38,900,000.00","$29,200,000.00","$4,900,000.00",$346.07,$138.43,$69.21,$51.95,$8.72
Madison,"272,903.00","$97,400,000.00","$38,900,000.00","$19,400,000.00","$14,600,000.00","$2,400,000.00",$356.90,$142.54,$71.09,$53.50,$8.79
Green Bay,"106,588.00","$27,500,000.00","$11,000,000.00","$5,500,000.00","$4,100,000.00","$700,000.00",$258.00,$103.20,$51.60,$38.47,$6.57
Kenosha,"99,086.00","$25,500,000.00","$10,200,000.00","$5,100,000.00","$3,800,000.00","$600,000.00",$257.35,$102.94,$51.47,$38.35,$6.06
Racine,"76,531.00","$19,500,000.00","$7,800,000.00","$3,900,000.00","$2,900,000.00","$500,000.00",$254.80,$101.92,$50.96,$37.89,$6.53
Appleton,"75,000.00","$19,000,000.00","$7,600,000.00","$3,800,000.00","$2,800,000.00","$500,000.00",$253.33,$101.33,$50.67,$37.33,$6.67
Waukesha,"71,158.00","$18,000,000.00","$7,200,000.00","$3,600,000.00","$2,700,000.00","$400,000.00",$252.96,$101.18,$50.59,$37.94,$5.62
Eau Claire,"69,183.00","$17,500,000.00","$7,000,000.00","$3,500,000.00","$2,600,000.00","$400,000.00",$252.95,$101.18,$50.59,$37.58,$5.78
Oshkosh,"66,778.00","$17,000,000.00","$6,800,000.00","$3,400,000.00","$2,500,000.00","$400,000.00",$254.57,$101.83,$50.91,$37.44,$5.99
Janesville,"65,733.00","$16,500,000.00","$6,600,000.00","$3,300,000.00","$2,500,000.00","$400,000.00",$251.02,$100.41,$50.20,$38.03,$6.09
La Crosse,"51,567.00","$13,000,000.00","$5,200,000.00","$2,600,000.00","$1,900,000.00","$300,000.00",$252.10,$100.84,$50.42,$36.85,$5.82
Sheboygan,"49,846.00","$12,500,000.00","$5,000,000.00","$2,500,000.00","$1,900,000.00","$300,000.00",$250.77,$100.31,$50.15,$38.12,$6.02
Wauwatosa,"47,799.00","$12,000,000.00","$4,800,000.00","$2,400,000.00","$1,800,000.00","$300,000.00",$251.05,$100.42,$50.21,$37.66,$6.28
Fond du Lac,"44,678.00","$11,500,000.00","$4,600,000.00","$2,300,000.00","$1,700,000.00","$300,000.00",$257.40,$102.96,$51.48,$38.05,$6.71
New Berlin,"40,451.00","$10,000,000.00","$4,000,000.00","$2,000,000.00","$1,500,000.00","$200,000.00",$247.21,$98.89,$49.44,$37.08,$4.94
West Allis,"59,133.00","$15,000,000.00","$6,000,000.00","$3,000,000.00","$2,200,000.00","$400,000.00",$253.67,$101.47,$50.73,$37.20,$6.76
Beloit,"36,609.00","$9,500,000.00","$3,800,000.00","$1,900,000.00","$1,400,000.00","$200,000.00",$259.50,$103.80,$51.90,$38.24,$5.46
Brookfield,"41,464.00","$10,500,000.00","$4,200,000.00","$2,100,000.00","$1,600,000.00","$300,000.00",$253.23,$101.29,$50.65,$38.59,$7.24
Menomonee Falls,"38,906.00","$10,000,000.00","$4,000,000.00","$2,000,000.00","$1,500,000.00","$200,000.00",$257.03,$102.81,$51.41,$38.55,$5.14
West Bend,"31,699.00","$8,000,000.00","$3,200,000.00","$1,600,000.00","$1,200,000.00","$200,000.00",$252.37,$100.95,$50.47,$37.86,$6.31
Sun Prairie,"36,530.00","$9,500,000.00","$3,800,000.00","$1,900,000.00","$1,400,000.00","$200,000.00",$260.06,$104.02,$52.01,$38.32,$5.47
Stevens Point,"25,502.00","$6,500,000.00","$2,600,000.00","$1,300,000.00","$1,000,000.00","$200,000.00",$254.88,$101.95,$50.98,$39.21,$7.84
Superior,"26,465.00","$6,500,000.00","$2,600,000.00","$1,300,000.00","$1,000,000.00","$200,000.00",$245.61,$98.24,$49.12,$37.79,$7.56
Neenah,"27,629.00","$7,000,000.00","$2,800,000.00","$1,400,000.00","$1,000,000.00","$200,000.00",$253.36,$101.34,$50.67,$36.19,$7.24
De Pere,"25,335.00","$6,500,000.00","$2,600,000.00","$1,300,000.00","$1,000,000.00","$200,000.00",$256.56,$102.62,$51.31,$39.47,$7.89
Muskego,"25,145.00","$6,500,000.00","$2,600,000.00","$1,300,000.00","$1,000,000.00","$200,000.00",$258.50,$103.40,$51.70,$39.77,$7.95
Mequon,"25,142.00","$6,500,000.00","$2,600,000.00","$1,300,000.00","$1,000,000.00","$200,000.00",$258.53,$103.41,$51.71,$39.77,$7.95
Oconomowoc,"18,798.00","$4,500,000.00","$1,800,000.00","$9,000,000.00","$700,000.00","$100,000.00",$239.39,$95.75,$478.77,$37.24,$5.32
Watertown,"22,558.00","$5,500,000.00","$2,200,000.00","$1,100,000.00","$800,000.00","$100,000.00",$243.82,$97.53,$48.76,$35.46,$4.43
Wisconsin Rapids,"18,184.00","$4,500,000.00","$1,800,000.00","$9,000,000.00","$700,000.00","$100,000.00",$247.47,$98.99,$494.94,$38.50,$5.50
Miami,"449,514.00","$152,500,000.00","$61,000,000.00","$30,500,000.00","$22,900,000.00","$3,800,000.00",$339.26,$135.70,$67.85,$50.94,$8.45
Tampa,"398,173.00","$125,000,000.00","$50,000,000.00","$25,000,000.00","$18,700,000.00","$3,100,000.00",$313.93,$125.57,$62.79,$46.96,$7.79
Orlando,"316,081.00","$100,000,000.00","$40,000,000.00","$20,000,000.00","$15,000,000.00","$2,500,000.00",$316.37,$126.55,$63.27,$47.46,$7.91
Jacksonville,"971,319.00","$300,000,000.00","$120,000,000.00","$60,000,000.00","$45,000,000.00","$7,500,000.00",$308.86,$123.54,$61.77,$46.33,$7.72
St. Petersburg,"266,082.00","$85,000,000.00","$34,000,000.00","$17,000,000.00","$12,700,000.00","$2,100,000.00",$319.45,$127.78,$63.89,$47.73,$7.89
Hialeah,"220,490.00","$70,000,000.00","$28,000,000.00","$14,000,000.00","$10,500,000.00","$1,700,000.00",$317.47,$126.99,$63.49,$47.62,$7.71
Tallahassee,"202,731.00","$65,000,000.00","$26,000,000.00","$13,000,000.00","$9,700,000.00","$1,600,000.00",$320.62,$128.25,$64.12,$47.85,$7.89
Fort Lauderdale,"183,146.00","$60,000,000.00","$24,000,000.00","$12,000,000.00","$9,000,000.00","$1,500,000.00",$327.61,$131.04,$65.52,$49.14,$8.19
Cape Coral,"216,992.00","$70,000,000.00","$28,000,000.00","$14,000,000.00","$10,500,000.00","$1,700,000.00",$322.59,$129.04,$64.52,$48.39,$7.83
Pembroke Pines,"171,178.00","$55,000,000.00","$22,000,000.00","$11,000,000.00","$8,200,000.00","$1,400,000.00",$321.30,$128.52,$64.26,$47.90,$8.18
Hollywood,"153,131.00","$50,000,000.00","$20,000,000.00","$10,000,000.00","$7,500,000.00","$1,200,000.00",$326.52,$130.61,$65.30,$48.98,$7.84
Gainesville,"145,214.00","$47,500,000.00","$19,000,000.00","$9,500,000.00","$7,100,000.00","$1,200,000.00",$327.10,$130.84,$65.42,$48.89,$8.26
Miramar,"137,132.00","$45,000,000.00","$18,000,000.00","$9,000,000.00","$6,700,000.00","$1,100,000.00",$328.15,$131.26,$65.63,$48.86,$8.02
Coral Springs,"132,568.00","$43,500,000.00","$17,400,000.00","$8,700,000.00","$6,500,000.00","$1,100,000.00",$328.13,$131.25,$65.63,$49.03,$8.30
Clearwater,"117,027.00","$38,000,000.00","$15,200,000.00","$7,600,000.00","$5,700,000.00","$900,000.00",$324.71,$129.88,$64.94,$48.71,$7.69
Palm Bay,"129,185.00","$42,500,000.00","$17,000,000.00","$8,500,000.00","$6,300,000.00","$1,100,000.00",$328.99,$131.59,$65.80,$48.77,$8.51
West Palm Beach,"123,988.00","$40,500,000.00","$16,200,000.00","$8,100,000.00","$6,100,000.00","$1,000,000.00",$326.64,$130.66,$65.33,$49.20,$8.07
Lakeland,"116,674.00","$38,000,000.00","$15,200,000.00","$7,600,000.00","$5,700,000.00","$900,000.00",$325.69,$130.28,$65.14,$48.85,$7.71
Pompano Beach,"112,754.00","$36,500,000.00","$14,600,000.00","$7,300,000.00","$5,500,000.00","$900,000.00",$323.71,$129.49,$64.74,$48.78,$7.98
Miami Gardens,"110,497.00","$36,000,000.00","$14,400,000.00","$7,200,000.00","$5,400,000.00","$900,000.00",$325.80,$130.32,$65.16,$48.87,$8.15
Davie,"106,513.00","$34,500,000.00","$13,800,000.00","$6,900,000.00","$5,200,000.00","$900,000.00",$323.90,$129.56,$64.78,$48.82,$8.45
Sunrise,"97,535.00","$31,500,000.00","$12,600,000.00","$6,300,000.00","$4,700,000.00","$800,000.00",$322.96,$129.18,$64.59,$48.19,$8.20
Plantation,"95,286.00","$31,000,000.00","$12,400,000.00","$6,200,000.00","$4,600,000.00","$800,000.00",$325.34,$130.13,$65.07,$48.28,$8.40
Boca Raton,"100,967.00","$32,500,000.00","$13,000,000.00","$6,500,000.00","$4,900,000.00","$800,000.00",$321.89,$128.75,$64.38,$48.53,$7.92
Deltona,"95,182.00","$31,000,000.00","$12,400,000.00","$6,200,000.00","$4,600,000.00","$800,000.00",$325.69,$130.28,$65.14,$48.33,$8.40
Largo,"82,949.00","$27,000,000.00","$10,800,000.00","$5,400,000.00","$4,000,000.00","$700,000.00",$325.50,$130.20,$65.10,$48.22,$8.44
Melbourne,"86,743.00","$28,000,000.00","$11,200,000.00","$5,600,000.00","$4,200,000.00","$700,000.00",$322.79,$129.12,$64.56,$48.42,$8.07
Homestead,"80,407.00","$26,000,000.00","$10,400,000.00","$5,200,000.00","$3,900,000.00","$600,000.00",$323.35,$129.34,$64.67,$48.50,$7.46
Kissimmee,"79,929.00","$26,000,000.00","$10,400,000.00","$5,200,000.00","$3,900,000.00","$600,000.00",$325.29,$130.12,$65.06,$48.79,$7.51
Port St. Lucie,"231,287.00","$75,000,000.00","$30,000,000.00","$15,000,000.00","$11,200,000.00","$1,900,000.00",$324.27,$129.71,$64.85,$48.42,$8.21
Houston,"2,288,250.00","$594,000,000.00","$237,600,000.00","$118,800,000.00","$89,100,000.00","$14,850,000.00",$259.59,$103.83,$51.92,$38.94,$6.49
Austin,"979,882.00","$260,000,000.00","$104,000,000.00","$52,000,000.00","$39,000,000.00","$6,500,000.00",$265.34,$106.14,$53.07,$39.80,$6.63
San Antonio,"1,473,298.00","$350,000,000.00","$140,000,000.00","$70,000,000.00","$52,500,000.00","$8,750,000.00",$237.56,$95.02,$47.51,$35.63,$5.94
Dallas,"1,299,544.00","$325,000,000.00","$130,000,000.00","$65,000,000.00","$48,750,000.00","$8,125,000.00",$250.09,$100.04,$50.02,$37.51,$6.25
Fort Worth,"956,709.00","$240,000,000.00","$96,000,000.00","$48,000,000.00","$36,000,000.00","$6,000,000.00",$250.86,$100.34,$50.17,$37.63,$6.27
El Paso,"678,879.00","$170,000,000.00","$68,000,000.00","$34,000,000.00","$25,500,000.00","$4,250,000.00",$250.41,$100.17,$50.08,$37.56,$6.26
Arlington,"398,431.00","$100,000,000.00","$40,000,000.00","$20,000,000.00","$15,000,000.00","$2,500,000.00",$250.98,$100.39,$50.20,$37.65,$6.27
Corpus Christi,"316,239.00","$80,000,000.00","$32,000,000.00","$16,000,000.00","$12,000,000.00","$2,000,000.00",$252.97,$101.19,$50.59,$37.95,$6.32
Plano,"289,547.00","$75,000,000.00","$30,000,000.00","$15,000,000.00","$11,250,000.00","$1,875,000.00",$259.03,$103.61,$51.81,$38.85,$6.48
Lubbock,"263,930.00","$65,000,000.00","$26,000,000.00","$13,000,000.00","$9,750,000.00","$1,625,000.00",$246.28,$98.51,$49.26,$36.94,$6.16
Garland,"241,845.00","$60,000,000.00","$24,000,000.00","$12,000,000.00","$9,000,000.00","$1,500,000.00",$248.09,$99.24,$49.62,$37.21,$6.20
Irving,"258,939.00","$65,000,000.00","$26,000,000.00","$13,000,000.00","$9,750,000.00","$1,625,000.00",$251.02,$100.41,$50.20,$37.65,$6.28
Amarillo,"202,408.00","$50,000,000.00","$20,000,000.00","$10,000,000.00","$7,500,000.00","$1,250,000.00",$247.03,$98.81,$49.41,$37.05,$6.18
Grand Prairie,"201,843.00","$50,000,000.00","$20,000,000.00","$10,000,000.00","$7,500,000.00","$1,250,000.00",$247.72,$99.09,$49.54,$37.16,$6.19
Brownsville,"190,158.00","$47,500,000.00","$19,000,000.00","$9,500,000.00","$7,125,000.00","$1,187,500.00",$249.79,$99.92,$49.96,$37.47,$6.24
McKinney,"207,507.00","$50,000,000.00","$20,000,000.00","$10,000,000.00","$7,500,000.00","$1,250,000.00",$240.96,$96.38,$48.19,$36.14,$6.02
Frisco,"219,224.00","$55,000,000.00","$22,000,000.00","$11,000,000.00","$8,250,000.00","$1,375,000.00",$250.88,$100.35,$50.18,$37.63,$6.27
Pasadena,"147,712.00","$37,000,000.00","$14,800,000.00","$7,400,000.00","$5,550,000.00","$925,000.00",$250.49,$100.19,$50.10,$37.57,$6.26
Killeen,"159,643.00","$40,000,000.00","$16,000,000.00","$8,000,000.00","$6,000,000.00","$1,000,000.00",$250.56,$100.22,$50.11,$37.58,$6.26
McAllen,"147,856.00","$37,000,000.00","$14,800,000.00","$7,400,000.00","$5,550,000.00","$925,000.00",$250.24,$100.10,$50.05,$37.54,$6.26
Midland,"134,636.00","$33,500,000.00","$13,400,000.00","$6,700,000.00","$5,025,000.00","$837,500.00",$248.82,$99.53,$49.76,$37.32,$6.22
Denton,"151,950.00","$38,000,000.00","$15,200,000.00","$7,600,000.00","$5,700,000.00","$950,000.00",$250.08,$100.03,$50.02,$37.51,$6.25
Mesquite,"147,636.00","$37,000,000.00","$14,800,000.00","$7,400,000.00","$5,550,000.00","$925,000.00",$250.62,$100.25,$50.12,$37.59,$6.27
Carrollton,"135,773.00","$34,000,000.00","$13,600,000.00","$6,800,000.00","$5,100,000.00","$850,000.00",$250.42,$100.17,$50.08,$37.56,$6.26
Round Rock,"126,697.00","$31,500,000.00","$12,600,000.00","$6,300,000.00","$4,725,000.00","$787,500.00",$248.62,$99.45,$49.72,$37.29,$6.22
Abilene,"127,385.00","$32,000,000.00","$12,800,000.00","$6,400,000.00","$4,800,000.00","$800,000.00",$251.21,$100.48,$50.24,$37.68,$6.28
Odessa,"119,328.00","$30,000,000.00","$12,000,000.00","$6,000,000.00","$4,500,000.00","$750,000.00",$251.41,$100.56,$50.28,$37.71,$6.29
Pearland,"126,856.00","$31,500,000.00","$12,600,000.00","$6,300,000.00","$4,725,000.00","$787,500.00",$248.31,$99.33,$49.66,$37.25,$6.21
Richardson,"120,981.00","$30,000,000.00","$12,000,000.00","$6,000,000.00","$4,500,000.00","$750,000.00",$247.97,$99.19,$49.59,$37.20,$6.20
Laredo,"263,513.00","$65,000,000.00","$26,000,000.00","$13,000,000.00","$9,750,000.00","$1,625,000.00",$246.67,$98.67,$49.33,$37.00,$6.17
Fargo,"131,444.00","$34,000,000.00","$13,600,000.00","$6,800,000.00","$5,100,000.00","$850,000.00",$258.67,$103.47,$51.73,$38.80,$6.47
Bismarck,"75,840.00","$20,000,000.00","$8,000,000.00","$4,000,000.00","$3,000,000.00","$500,000.00",$263.71,$105.49,$52.74,$39.56,$6.59
Grand Forks,"58,920.00","$15,000,000.00","$6,000,000.00","$3,000,000.00","$2,250,000.00","$375,000.00",$254.58,$101.83,$50.92,$38.19,$6.36
Minot,"47,789.00","$12,500,000.00","$5,000,000.00","$2,500,000.00","$1,875,000.00","$312,500.00",$261.57,$104.63,$52.31,$39.23,$6.54
West Fargo,"40,217.00","$10,500,000.00","$4,200,000.00","$2,100,000.00","$1,575,000.00","$262,500.00",$261.08,$104.43,$52.22,$39.16,$6.53
Williston,"29,729.00","$7,500,000.00","$3,000,000.00","$1,500,000.00","$1,125,000.00","$187,500.00",$252.28,$100.91,$50.46,$37.84,$6.31
Dickinson,"25,268.00","$6,500,000.00","$2,600,000.00","$1,300,000.00","$975,000.00","$162,500.00",$257.24,$102.90,$51.45,$38.59,$6.43
Mandan,"23,385.00","$6,000,000.00","$2,400,000.00","$1,200,000.00","$900,000.00","$150,000.00",$256.57,$102.63,$51.31,$38.49,$6.41
Jamestown,"15,679.00","$4,000,000.00","$1,600,000.00","$800,000.00","$600,000.00","$100,000.00",$255.12,$102.05,$51.02,$38.27,$6.38
Wahpeton,"7,911.00","$2,000,000.00","$800,000.00","$400,000.00","$300,000.00","$50,000.00",$252.81,$101.13,$50.56,$37.92,$6.32
Devils Lake,"7,236.00","$1,850,000.00","$740,000.00","$370,000.00","$277,500.00","$46,250.00",$255.67,$102.27,$51.13,$38.35,$6.39
Valley City,"6,459.00","$1,650,000.00","$660,000.00","$330,000.00","$247,500.00","$41,250.00",$255.46,$102.18,$51.09,$38.32,$6.39
Grafton,"4,088.00","$1,050,000.00","$420,000.00","$210,000.00","$157,500.00","$26,250.00",$256.85,$102.74,$51.37,$38.53,$6.42
Lincoln,"4,218.00","$1,100,000.00","$440,000.00","$220,000.00","$165,000.00","$27,500.00",$260.79,$104.31,$52.16,$39.12,$6.52
Beulah,"3,058.00","$800,000.00","$320,000.00","$160,000.00","$120,000.00","$20,000.00",$261.61,$104.64,$52.32,$39.24,$6.54
Rugby,"2,598.00","$650,000.00","$260,000.00","$130,000.00","$97,500.00","$16,250.00",$250.19,$100.08,$50.04,$37.53,$6.25
Stanley,"2,291.00","$600,000.00","$240,000.00","$120,000.00","$90,000.00","$15,000.00",$261.89,$104.76,$52.38,$39.28,$6.55
Horace,"3,288.00","$850,000.00","$340,000.00","$170,000.00","$127,500.00","$21,250.00",$258.52,$103.41,$51.70,$38.78,$6.46
Lisbon,"2,145.00","$550,000.00","$220,000.00","$110,000.00","$82,500.00","$13,750.00",$256.41,$102.56,$51.28,$38.46,$6.41
Carrington,"2,007.00","$500,000.00","$200,000.00","$100,000.00","$75,000.00","$12,500.00",$249.13,$99.65,$49.83,$37.37,$6.23
Bottineau,"2,190.00","$550,000.00","$220,000.00","$110,000.00","$82,500.00","$13,750.00",$251.14,$100.46,$50.23,$37.67,$6.28
New Town,"2,678.00","$700,000.00","$280,000.00","$140,000.00","$105,000.00","$17,500.00",$261.39,$104.56,$52.28,$39.21,$6.53
Langdon,"1,742.00","$450,000.00","$180,000.00","$90,000.00","$67,500.00","$11,250.00",$258.32,$103.33,$51.66,$38.75,$6.46
Casselton,"2,508.00","$650,000.00","$260,000.00","$130,000.00","$97,500.00","$16,250.00",$259.17,$103.67,$51.83,$38.88,$6.48
Hazen,"2,349.00","$600,000.00","$240,000.00","$120,000.00","$90,000.00","$15,000.00",$255.43,$102.17,$51.09,$38.31,$6.39
Watford City,"6,939.00","$1,750,000.00","$700,000.00","$350,000.00","$262,500.00","$43,750.00",$252.20,$100.88,$50.44,$37.83,$6.30
Harvey,"1,622.00","$400,000.00","$160,000.00","$80,000.00","$60,000.00","$10,000.00",$246.61,$98.64,$49.32,$36.99,$6.17
Bowman,"1,558.00","$400,000.00","$160,000.00","$80,000.00","$60,000.00","$10,000.00",$256.74,$102.70,$51.35,$38.51,$6.42
Tioga,"2,058.00","$550,000.00","$220,000.00","$110,000.00","$82,500.00","$13,750.00",$267.25,$106.90,$53.45,$40.09,$6.68
Surrey,"1,347.00","$350,000.00","$140,000.00","$70,000.00","$52,500.00","$8,750.00",$259.84,$103.93,$51.97,$38.98,$6.50
Golden City (Average),"174,575.86","$98,997,222.22","$28,975,000.00","$13,446,111.11","$10,203,055.56","$1,744,861.11",$567.07,$165.97,$77.02,$58.44,$9.99