NAME,DP05_0025E,DP05_0015PE,DP05_0020E,,DP03_0107E,DP03_0107PE,DP03_0062E,DP03_0112PE,DP03_0007PE,DP03_0114PE,DP03_0008PE,DP02_0072PE,DP02_0077PE,DP04_0047E,DP04_0049E,DP04_0135E,DP04_0046PE,DP04_0091E,DP04_0091E,DP04_0092E,DP04_0082PE,DP03_0088E,DP04_0089E,DP04_0134E,DP02_0070PE
,Total Population of 18+,Total population 65-74,Total population 16+,,Employed health insurance coverage ages 19-64,Percent of population Employed health insurance coverage ages 19-64,Estimate!!INCOME AND BENEFITS (IN 2018 INFLATION-ADJUSTED DOLLARS)!!Total households!!Median household income (dollars),Percent Estimate!!HEALTH INSURANCE COVERAGE!!Civilian noninstitutionalized population!!Civilian noninstitutionalized population 19 to 64 years!!In labor force!!Unemployed!!With health insurance coverage!!With public coverage,Percent Estimate!!EMPLOYMENT STATUS!!Population 16 years and over!!Not in labor force,Percent Estimate!!HEALTH INSURANCE COVERAGE!!Civilian noninstitutionalized population!!Civilian noninstitutionalized population 19 to 64 years!!Not in labor force,Percent Estimate!!EMPLOYMENT STATUS!!Civilian labor force,Percent Estimate!!DISABILITY STATUS OF THE CIVILIAN NONINSTITUTIONALIZED POPULATION!!Under 18 years,Percent Estimate!!DISABILITY STATUS OF THE CIVILIAN NONINSTITUTIONALIZED POPULATION!!65 years and over!!With a disability,Estimate!!HOUSING TENURE!!Occupied housing units!!Renter-occupied,Estimate!!HOUSING TENURE!!Occupied housing units!!Average household size of renter-occupied unit,,Percent Estimate!!HOUSING TENURE!!Occupied housing units!!Owner-occupied,Estimate!!MORTGAGE STATUS!!Owner-occupied units!!Housing units with a mortgage,Estimate!!MORTGAGE STATUS!!Owner-occupied units!!Housing units with a mortgage,Estimate!!MORTGAGE STATUS!!Owner-occupied units!!Housing units without a mortgage,"Percent Estimate!!VALUE!!Owner-occupied units!!$50,000 to $99,999",Estimate!!INCOME AND BENEFITS (IN 2018 INFLATION-ADJUSTED DOLLARS)!!Per capita income (dollars),Owner-occupied units!!Median (dollars),Estimate!!GROSS RENT!!Occupied units paying rent!!Median (dollars),Percent Estimate!!DISABILITY STATUS OF THE CIVILIAN NONINSTITUTIONALIZED POPULATION!!Total Civilian Noninstitutionalized Population
"Houston-The Woodlands-Sugar Land, TX Metro Area",5140529,7.1,5338778,,167282,5.3,65394,14.3,33.5,919564,3546993,1855778,33.3,936531,2.68,34089,60.3,856980,856980,565755,10.7,32996,,1094,6939766
"Huntington-Ashland, WV-KY-OH Metro Area",278976,11.4,287303,,19166,15.2,45535,47.5,48.9,70738,146529,73569,38.5,37022,2.3,4731,72.9,49912,49912,49835,25.5,25801,204700,732,347970
"Huntsville, AL Metro Area",360204,8.9,373428,,12337,6.1,63765,23.6,38,62963,230430,102386,34.9,60054,2.14,6262,67.5,82222,82222,42780,13,34224,124100,834,454395
"Huntsville, TX Micro Area",72512,9.5,73802,,972,3.6,40500,25,60.2,15864,29319,12294,35.6,11666,2.25,-999999999,57.9,7313,7313,8756,22.9,19169,187000,912,69434
"Hutchinson, KS Micro Area",48456,10.4,50131,,1467,5.6,48837,3.7,37.6,5890,31159,13873,38.2,7852,1.97,-999999999,68.9,9714,9714,7690,30.8,26457,143700,703,59866
"Idaho Falls, ID Metro Area",102182,7.6,106823,,2609,4.4,58880,32.8,36.8,18745,67481,46800,33.3,15215,2.45,353,69.8,22717,22717,12422,5.5,27496,107800,805,148188
"Indiana, PA Micro Area",69683,10.9,71293,,4051,11.9,49448,20.8,45.6,14850,38721,14818,35.6,9782,2.25,1171,70.4,11131,11131,12185,26.9,25145,205400,679,83204
"Indianapolis-Carmel-Anderson, IN Metro Area",1543363,8.2,1599212,,80707,8.5,61022,31.7,32.8,231240,1072532,504068,33.4,276374,2.31,7884,64.7,358277,358277,148694,13.9,32723,122100,907,2021966
"Jonesboro, AR Metro Area",99653,8.8,103159,,7351,13.7,43927,34.1,39.9,20249,61960,32860,48.1,22375,2.4,1156,57.2,16643,16643,13317,25.1,24223,169200,725,131303
"Joplin, MO Metro Area",135341,9.3,140076,,6375,8.5,47012,23.5,38.3,25124,86420,43481,40,24766,2.41,2194,65.2,27108,27108,19271,25.1,26957,131700,753,177471
"Kahului-Wailuku-Lahaina, HI Metro Area",131257,11.2,134688,,7078,9.3,82917,43.9,34,17059,88105,36038,27,19098,2.87,-999999999,63.9,23222,23222,10531,1.5,35376,126100,1667,165062
"Ithaca, NY Metro Area",87326,8.4,89103,,6667,14,57276,53.5,38.5,18302,54812,15143,31.9,17774,1.95,442,55.8,13512,13512,8964,5.2,32370,629500,1153,101951
"Jackson, MI Metro Area",125021,10.7,129716,,10044,16.3,51031,46.9,44.2,21033,72181,33783,35.1,17231,2.31,1383,72.5,26271,26271,19096,21.6,26940,215800,805,151133
"Jackson, MS Metro Area",445395,8.8,462538,,15407,6.2,55700,19,37.6,75632,287746,136809,34,67755,2.59,5555,67.8,82562,82562,59849,18,27706,137300,873,568119
"Jackson, TN Metro Area",100124,10.3,103648,,5488,10.6,45610,38.3,41.4,19877,60564,29035,29.2,18858,2.31,646,62.7,16869,16869,14821,26.9,27135,151400,761,127252
"Jacksonville, FL Metro Area",1190748,9.8,1229647,,62529,9.3,60238,26.6,36.3,196457,769560,343436,33.3,210111,2.49,6483,63.5,242246,242246,123066,10.2,33478,124300,1082,1507734
"Jacksonville, NC Metro Area",149264,5.3,152605,,9108,14.5,50639,26.2,28,23550,73232,48358,45.7,31017,2.58,893,53.6,-999999999,-999999999,-999999999,11.3,23647,217200,995,160301
"Jamestown-Dunkirk-Fredonia, NY Micro Area",102369,11.2,105623,,10928,20.8,45479,56.4,42.4,18203,60845,25497,34,16269,1.99,1114,69.6,20182,20182,16978,41.5,25964,154900,646,125546
"Janesville-Beloit, WI Metro Area",125703,9.7,130594,,9403,12.6,57037,55.3,32.8,17506,87619,37409,35.9,22124,2.34,1025,65.8,27824,27824,14684,18,28654,86700,832,161937
"Jefferson, GA Micro Area",52526,8.5,55402,,2203,6.8,73150,47.1,34.8,7445,36141,17896,34.9,4242,2.63,-999999999,82.1,13147,13147,6251,10.3,28965,151400,770,69795
"Jefferson City, MO Metro Area",117646,9.8,121777,,3509,5.3,60281,11,38.6,15167,74678,32472,27.6,16491,2.12,637,71.1,23474,23474,17088,13.5,28572,203800,636,142263
"Johnson City, TN Metro Area",165531,11.2,169914,,8633,10.3,45839,28.4,44.2,35248,94870,38332,41.6,30053,2.17,3040,64.8,27472,27472,27905,15.6,27441,160900,702,200754
"Johnstown, PA Metro Area",106504,12.3,109575,,9395,17.5,45084,54,43.7,17300,61589,24925,37.5,14562,1.88,2357,74.2,18369,18369,23552,29.3,25124,158600,620,128466
"Aberdeen, WA Micro Area",58802,13.7,61308,,4609,19.4,48255,31.5,55,13811,27376,15076,37.3,8832,1.95,-999999999,68.1,10648,10648,8194,13,24965,94600,730,70718
"Abilene, TX Metro Area",132659,7.9,136605,,5244,7.7,48021,10.1,39.8,22252,78253,41229,49.5,23049,2.55,2050,62.5,17287,17287,21191,24.7,24853,193300,939,161797
"Adrian, MI Micro Area",77611,11.1,79720,,6659,16.4,55378,53.8,41.8,13610,46330,20506,33.3,9196,2.22,523,76,18050,18050,11142,22,27702,119500,783,95104
"Aguadilla-Isabela, PR Metro Area",240653,12.3,249121,,34284,43.3,17064,83.4,61.7,81457,95378,null,null,40810,2.53,21760,62.7,19524,19524,49197,44.6,10911,141800,422,null
"Akron, OH Metro Area",562115,10.4,580989,,40325,12.4,60019,41.1,34.2,79103,381800,142671,30.4,92008,2.13,4469,67.9,127273,127273,67763,20.3,33386,95000,807,697932
"Alamogordo, NM Micro Area",51322,9.7,53166,,6582,31.6,42591,72.9,49.5,12326,24507,15450,35.6,7966,2.51,-999999999,66.5,-999999999,-999999999,-999999999,21.7,21688,155500,866,61217
"Albany, GA Metro Area",115146,9.3,118813,,3968,6.8,44896,33.9,42,21582,68166,35967,41.3,26535,2.72,2438,52.9,17299,17299,12514,31.4,23139,113100,770,147360
"Albany, OR Metro Area",99395,11.5,102520,,8232,16.2,54113,35.1,41.9,19027,59557,27857,39.1,17603,2.5,-999999999,63.7,19353,19353,11508,3.4,26684,111900,998,126588
"Albany-Schenectady-Troy, NY Metro Area",710627,10.1,732924,,47139,11.5,71301,47.8,35.2,106453,472378,172026,30.3,129566,2.07,3427,63.4,143347,143347,80833,7.4,37087,254300,998,872629
"Albertville, AL Micro Area",72150,9.7,74664,,1891,5.1,47528,44.2,43.1,15452,42425,23952,39,10478,2.76,1282,70.9,14061,14061,11483,23.8,24988,217200,645,95233
"Albuquerque, NM Metro Area",714381,10.2,739062,,67983,17.6,51134,51.4,39.7,132119,441846,202031,38.2,127338,2.34,9742,64.5,143451,143451,87704,6.5,29118,136200,886,906777
"Alexandria, LA Metro Area",116258,9.5,120480,,9696,17.3,47391,57.4,45.1,25050,65480,36344,43.6,20332,2.74,2113,63.1,17201,17201,17594,20.9,24033,201400,803,147175
"Allentown-Bethlehem-Easton, PA-NJ Metro Area",665753,10.1,687174,,38916,10.3,65929,36.3,36.3,98314,437141,176622,31.9,98674,2.4,3273,69.2,143095,143095,78732,7.1,33773,143300,1063,833543
"Altoona, PA Metro Area",98232,11.6,101683,,9413,17.7,49942,82.8,39.5,15183,61429,24248,31.3,14279,2.11,729,72.1,20032,20032,16785,24.2,27847,218900,722,121010
"Amarillo, TX Metro Area",199685,7.8,206657,,6342,5.3,53087,1.8,34.6,30501,135034,68271,32.1,35528,2.35,1578,63.9,36168,36168,26822,20.6,28354,128500,833,260409
"Ames, IA Metro Area",81784,6.7,83876,,3413,7.2,54586,18.4,34.2,16499,55114,16238,29.4,16706,2.13,353,55.2,11789,11789,8795,7.9,27266,148200,871,97517
"Anchorage, AK Metro Area",298949,7.7,310040,,26685,15.4,81037,45.2,32.7,51410,199595,99979,35.6,44722,2.53,2185,67.5,63069,63069,29692,3,36952,191300,1210,385832
"Ann Arbor, MI Metro Area",302028,8.5,310952,,14764,8.5,71860,35.5,35.7,54758,200008,68908,29.9,55839,2.22,1031,61,57220,57220,30013,5.8,41297,299500,1116,367336
"Anniston-Oxford-Jacksonville, AL Metro Area",89793,10.7,93284,,3572,7.8,45818,44.7,42.1,17475,53745,24331,41.3,13228,2.4,1301,70.1,17306,17306,13730,23.2,24493,280500,743,112854
"Appleton, WI Metro Area",181714,8.5,188041,,7370,6.3,65826,48.8,30.8,22506,130036,55797,31,24606,2.05,1046,74,45464,45464,24740,7.8,32810,121800,786,236083
"Arecibo, PR Metro Area",142263,11.4,146410,,20547,42.3,17347,72.5,60.3,47028,57980,null,null,19867,2.55,10092,69,14733,14733,29493,47.1,10792,181500,451,null
"Asheville, NC Metro Area",375085,12.9,384753,,12317,6.1,52410,10,39.4,56343,232701,84362,30.7,60974,2.17,5077,68.2,73215,73215,57700,8.4,32748,94800,871,453779
"Ashtabula, OH Micro Area",76070,11.1,78547,,4846,13.2,46349,19.9,43.3,14300,44575,21405,39.3,9046,2.23,1446,74.5,14274,14274,12125,30.4,23817,234700,682,94643
"Athens, OH Micro Area",56243,8,57409,,2402,8.9,36944,30.8,44.4,15383,31761,9532,38.4,9768,2.49,887,56.7,5823,5823,6942,28.3,19920,112700,769,65024
"Athens, TX Micro Area",64624,12.5,66409,,1935,7.6,42020,22.3,52.2,17667,31763,17675,40.3,7443,3.07,-999999999,75.9,8526,8526,14874,21.3,25342,118400,750,81261
"Athens-Clarke County, GA Metro Area",169002,7.9,174202,,5586,6,51503,19,38.9,34828,106229,42800,32.5,34836,2.3,1907,56.4,27332,27332,17777,10,27802,106300,840,210402
"Atlanta-Sandy Springs-Roswell, GA Metro Area",4500088,7.7,4676101,,144236,5.1,69464,18.5,32.9,722924,3134908,1449641,31,769417,2.58,22745,64,988411,988411,379452,7.1,35539,200500,1169,5904596
"Auburn, NY Micro Area",61881,10.7,63827,,3713,12,52376,47.3,44.2,11962,35566,15160,36.8,8969,2.31,766,70.2,11625,11625,9489,23.8,29116,233700,767,73546
"Atlantic City-Hammonton, NJ Metro Area",209007,10.3,216076,,14224,12,61212,52.5,35.1,30579,140106,56339,32,30122,2.5,676,68.9,44250,44250,22609,9,32590,137500,1063,262891
"Auburn-Opelika, AL Metro Area",129146,8.1,132509,,5451,7.9,46456,36.1,40.5,31683,78040,34786,45.2,22838,2.34,672,61.5,23019,23019,13479,11.3,27874,219300,805,162283
"Augusta-Richmond County, GA-SC Metro Area",466125,9.8,482200,,27222,11,52696,24.5,39.7,84519,283739,139617,34.9,69757,2.69,5131,67.4,86321,86321,58029,20.3,27531,182700,859,588902
"Augusta-Waterville, ME Micro Area",99082,12,102156,,6317,11.4,51653,23.7,37.7,15533,63633,22987,34.1,15414,1.83,786,71.6,23679,23679,15206,13.3,30540,154000,728,120551
"Austin-Round Rock, TX Metro Area",1669898,7,1725649,,50844,4.7,76925,9,29.3,259003,1217720,497619,30.9,329998,2.44,7126,58,309521,309521,146822,3,40087,156300,1307,2150961
"Bakersfield, CA Metro Area",637812,6.6,664871,,82556,25.2,51579,59.5,42.2,142455,382716,258576,37.1,116315,3.16,5539,57.4,108570,108570,48282,6.3,22778,304500,974,869297
"Baltimore-Columbia-Towson, MD Metro Area",2190753,9.1,2257415,,143169,11,80469,43.1,33.4,317078,1483337,611142,31.4,350747,2.3,11743,66.7,504818,504818,198661,3.9,40878,226400,1265,2753141
"Bangor, ME Metro Area",124352,10.7,127364,,8065,12.1,47217,43.5,40.6,23679,75526,26685,38.9,21094,1.91,1116,65.8,23543,23543,17128,16.7,27857,308500,739,149592
"Barnstable Town, MA Metro Area",180833,17.5,185817,,17294,19.4,68902,52.7,40.6,20584,110181,32493,23.9,15683,2.42,841,81.9,42318,42318,28670,0.5,40790,149500,1232,211567
"Baton Rouge, LA Metro Area",636579,8.8,658414,,43997,12.1,57843,47.3,37.4,111423,411428,194413,37.6,94150,2.5,7081,68.8,121769,121769,85590,11.7,31873,408000,915,815464
"Battle Creek, MI Metro Area",103785,10.1,106995,,7326,13,47204,44.8,39.2,17609,65009,30577,36.5,17093,2.19,442,68.3,20142,20142,16679,31.7,26276,193100,781,132862
"Bellingham, WA Metro Area",181566,10.7,186211,,13090,13.3,62268,56.6,39.5,33399,112529,44063,32.6,33650,2.39,1725,61.4,36000,36000,17430,1.1,31224,107700,1110,224331
"Bend-Redmond, OR Metro Area",152867,12.6,156933,,10390,12.2,67577,34.5,37.2,23152,98438,39052,28.6,27173,2.23,918,66,36402,36402,16375,1.6,38079,362500,1186,191236
"Billings, MT Metro Area",131687,10.2,136268,,9520,12.3,59623,37.3,34.6,18170,89002,39960,31.9,23172,2.06,1635,67.7,30413,30413,18202,2.7,32139,408500,883,169622
"Binghamton, NY Metro Area",193452,10.4,199092,,16491,16.4,53199,53.2,40.6,34418,118263,46576,34.6,32229,2.1,1597,66.3,34615,34615,28896,29.9,28564,231900,764,237121
"Birmingham-Hoover, AL Metro Area",891273,9.7,922349,,23136,4.9,56409,22,40.6,175866,547042,260280,37.6,133862,2.38,10096,69.3,179847,179847,122123,16.6,30902,120300,892,1137304
"Bismarck, ND Metro Area",102360,8.9,105333,,4334,6.5,70550,33.6,28.9,9578,74791,29854,32.9,17440,1.92,847,69.1,23638,23638,15304,6.1,37135,169400,827,129840
"Blacksburg-Christiansburg-Radford, VA Metro Area",152712,9.8,157195,,3034,4.3,50313,28.3,49,41838,80041,29214,34.7,24156,2.49,1793,64.7,22674,22674,21582,12.3,25199,258700,913,179944
"Bay City, MI Metro Area",82840,11.4,86290,,6176,14.1,50606,49.3,41.7,13937,50288,21066,27.6,11046,1.98,1034,75.2,17916,17916,15507,34.8,28577,183300,649,103049
"Beaumont-Port Arthur, TX Metro Area",310406,8.5,321236,,9748,6.3,50378,11.8,44.6,67818,177526,99663,42.8,49611,2.52,4240,65.8,39935,39935,55584,23.8,25928,105900,829,395098
"Beaver Dam, WI Micro Area",70466,9.8,72499,,3957,9.4,63077,39.6,33.1,7571,48480,17379,30.4,11084,2.12,475,68.5,15999,15999,8138,10.4,30722,123000,821,83979
"Beckley, WV Metro Area",93471,12.6,96654,,8241,20.9,38917,53.2,51.5,21755,46811,23770,51.9,12319,1.94,2751,74.7,17199,17199,19114,31.4,23560,173800,674,113922
"Bloomington, IL Metro Area",149538,7.8,154782,,7149,8,64822,35.7,35.7,28289,99434,41320,32.1,24916,2.15,670,66.1,31357,31357,17307,15.5,32678,98000,818,189578
"Bloomington, IN Metro Area",139995,8.1,143094,,6035,7.8,47335,25.3,38.1,29168,88488,27722,33.9,27930,2.11,1174,57.4,24338,24338,13303,12.9,27326,168100,882,166494
"Bloomsburg-Berwick, PA Metro Area",68591,11.1,70313,,3677,9.9,50984,55.9,40.4,11582,41892,14937,34.2,10160,1.94,795,70.5,13475,13475,10835,13,29967,172600,733,82305
"Bluefield, WV-VA Micro Area",79886,13.2,82159,,4584,13.5,39276,59.7,52.8,19476,38776,20007,48.8,12781,2.52,2473,70.1,12416,12416,17547,34.8,22088,166200,704,98185
"Boise City, ID Metro Area",550231,9,570659,,20883,6.4,61407,17.6,35.8,86199,365115,181831,33.8,77507,2.44,2542,71.1,131521,131521,59261,2.5,30140,90100,946,722537
"Boston-Cambridge-Newton, MA-NH Metro Area",3912534,9,4029372,,309985,12.9,88711,42.7,31.2,534735,2766972,961874,31,722050,2.23,24401,60.9,783497,783497,342251,1,47358,264400,1501,4828239
"Boulder, CO Metro Area",263938,8.8,271260,,14444,8.9,83755,29.9,31.8,41373,184954,62101,25.4,47943,2.24,968,62.6,54927,54927,25425,1.3,45923,464600,1498,323907
"Bowling Green, KY Metro Area",136580,9.3,141445,,10782,13.9,51365,62.8,36.2,26098,90047,40507,42.5,24664,2.39,1470,63.4,26505,26505,16255,15,25758,554100,778,175353
"Bozeman, MT Micro Area",89013,8.3,91778,,4653,7.6,68266,18.4,27.4,11194,66507,22848,24.3,17010,2.24,764,61.7,17064,17064,10349,3.5,34879,166600,1105,111354
"Brainerd, MN Micro Area",73891,13.5,76669,,7692,20.1,51177,39.4,41.2,10927,45055,20488,28.9,8769,1.98,642,78.3,18626,18626,13106,9.9,29256,412100,717,93346
"Branson, MO Micro Area",70184,15.5,72165,,2926,9.6,41913,14.7,47.5,13043,37915,17371,36.8,8728,2.24,-999999999,75.9,13860,13860,13613,22.2,23603,202600,710,86769
"Bremerton-Silverdale, WA Metro Area",214549,11.2,220424,,15862,14.4,76945,47.8,36.3,34552,126416,55221,32.7,31694,2.25,1478,69.9,50093,50093,23624,2.1,38588,142600,1305,254318
"Bridgeport-Stamford-Norwalk, CT Metro Area",731833,8.7,758754,,46560,10.7,91079,38.4,32.5,102583,512200,211965,26.3,118537,2.51,3863,65.7,156205,156205,70892,1.9,56135,363400,1439,936043
"Brownsville-Harlingen, TX Metro Area",295146,7.6,310656,,8280,5.3,38378,14.1,44.6,66505,171778,128673,39.1,41899,3.27,4087,66.4,33104,33104,49809,36.8,16788,435000,712,422224
"Brunswick, GA Metro Area",91708,12.6,93988,,2530,5.5,50499,24.9,42.5,16922,53958,25123,35.2,14931,2.33,1464,68.4,15282,15282,17053,18.8,31256,86500,925,115595
"Cape Girardeau, MO-IL Metro Area",73859,9.4,75410,,3548,8.5,48026,11,36.6,12582,47798,19699,36.2,11688,2.52,657,66,12577,12577,10103,16,22977,155600,774,92312
"Carbondale-Marion, IL Metro Area",99109,9.9,102092,,10209,20,42716,27.4,42.4,18605,58844,25308,41.9,22200,2.08,1358,56.6,13919,13919,15086,26.5,25211,152900,692,122035
"Carson City, NV Metro Area",44098,11.2,45486,,2340,9.9,56160,44.2,36.5,5500,28871,11316,37.8,9744,2.25,-999999999,57.8,-999999999,-999999999,-999999999,2.3,34086,114400,1004,53061
"Casper, WY Metro Area",60201,9.1,62587,,1683,4.5,64833,24.1,31.6,8117,42462,18832,40.5,9410,2.06,-999999999,70.8,-999999999,-999999999,-999999999,4.8,36004,316800,857,77768
"Cedar Rapids, IA Metro Area",209122,9.4,216129,,13708,10.6,62882,24.4,31.8,24527,147198,62943,30.2,26385,2,1094,75.8,55575,55575,27231,11,33668,211000,695,269041
"Centralia, WA Micro Area",62605,12.4,64562,,4747,16.3,61058,65.4,46.9,13278,34187,16835,42.2,8772,2.47,532,71.1,12883,12883,8672,4.4,28346,157400,907,78710
"Chambersburg-Waynesboro, PA Metro Area",120332,10.7,124906,,8094,11.8,61208,35.8,35.6,16643,80379,34173,34.3,16832,2.51,877,71.9,25093,25093,17909,6.2,30306,246400,833,153565
"Waco, TX Metro Area",204782,8.7,212277,,7524,6.8,47328,29.6,40.8,40270,125413,65470,41.7,40753,2.52,3927,58.2,28408,28408,28226,22.2,23849,180200,882,264478
"Walla Walla, WA Metro Area",51916,10.4,53626,,3866,15.3,59704,61,44.8,9496,29585,13678,36.5,9409,2.24,373,60.6,7800,7800,6684,7,26805,158400,890,62498
"Warner Robins, GA Metro Area",146268,7.6,152032,,10035,12.2,54024,17.1,37.3,27502,92344,47446,47.3,26258,2.56,1256,63.3,30477,30477,14776,22.5,31628,231900,853,188204
"Warsaw, IN Micro Area",60452,9.7,62008,,1769,4.6,55253,45.2,30,6673,43397,18867,24.9,8130,2.33,-999999999,73.6,12985,12985,9683,17.3,29026,140600,808,78496
"Wichita Falls, TX Metro Area",117558,8.7,121435,,4991,8.8,50309,32.7,39.4,19750,68547,33713,42.3,19483,2.39,1548,64.2,17668,17668,17278,33.6,25326,145500,750,137586
"Williamsport, PA Metro Area",90347,10.7,93463,,6347,13.4,55045,54.4,41.6,14205,54575,23269,34.4,13722,2.38,678,69.2,17497,17497,13366,17.2,27306,101500,776,110479
"Wilmington, NC Metro Area",238670,10.8,244872,,10530,8,52756,21.6,39.7,43430,146562,55744,29.5,47436,2.15,1855,60.8,48260,48260,25190,5.6,31517,161200,1056,290384
"Wilson, NC Micro Area",62772,10.9,64386,,3217,9.5,42769,27.5,37.3,10252,40337,18643,34.9,12677,2.71,1066,60.2,10805,10805,8335,28.2,24629,239600,736,80495
"Watertown-Fort Atkinson, WI Micro Area",67075,10.4,70074,,2599,6.2,65651,43.4,29.7,6935,49177,18044,26.7,8854,2.15,-999999999,73.3,15634,15634,8692,3.2,33545,121800,881,84574
"Watertown-Fort Drum, NY Metro Area",84956,8.1,87104,,8121,20,53146,56.8,36.9,14410,45206,26768,34.8,20244,2.2,1052,54.7,14435,14435,9978,22.1,26769,198600,958,99885
"Wausau, WI Metro Area",104581,9.9,108677,,4318,6.7,62890,21.5,32.9,12441,72924,30821,29.2,15745,2.01,943,72,23968,23968,16532,13.4,34986,145600,756,134394
"Weirton-Steubenville, WV-OH Metro Area",97613,13.1,99614,,7747,16.7,43747,68.4,46.6,18986,53099,22568,36.1,14531,2.14,1892,71.9,17987,17987,19162,39,27359,164800,628,118948
"Wenatchee, WA Metro Area",90827,10.5,93724,,8130,15.1,61714,62.2,34.9,12314,60984,29085,42.4,16817,2.37,-999999999,64.9,18493,18493,12545,2.5,33831,89800,932,119191
"Wheeling, WV-OH Metro Area",113031,12.6,116836,,7270,13.3,49749,52.2,45.7,20888,63452,26816,36.6,13270,2.3,2064,74.7,16733,16733,22432,33.8,26199,304800,640,135322
"Whitewater-Elkhorn, WI Micro Area",82476,10.4,84938,,5849,11.6,63800,42.2,32.9,11661,56941,21234,26.5,13585,2.52,246,66.8,16441,16441,10838,5.1,32933,109400,887,103041
"Wichita, KS Metro Area",481199,8.7,498466,,18663,6.5,56909,23.9,34.3,71137,325303,163435,36.5,83628,2.3,3306,66.4,101343,101343,63828,23.4,29180,205000,785,635502
"Winchester, VA-WV Metro Area",109510,10.6,114065,,5047,8.1,65170,35.7,37,16629,71523,32117,36.2,16538,2.35,1508,69.2,23556,23556,13621,4.9,32934,144500,1013,139967
"Winston-Salem, NC Metro Area",523137,10.2,541219,,17539,6.2,48699,28.8,40.2,98391,322503,148062,33.9,96578,2.31,5896,64.3,106621,106621,67573,16.7,28572,243400,754,665211
"Wisconsin Rapids-Marshfield, WI Micro Area",57389,11.2,59152,,3744,11.5,55273,73,37.7,8111,36840,15657,33.7,9560,2.16,314,70.4,11643,11643,11071,26.8,31272,157900,743,72536
"Wooster, OH Micro Area",87875,9.8,91122,,4889,9.7,59111,17,37,13886,57450,27985,32.2,11847,2.24,788,73,17674,17674,14387,11.8,27481,129400,723,114884
"Worcester, MA-CT Metro Area",750705,9.2,775749,,67941,15.3,70869,42.6,34.1,115997,510306,196468,30.2,119144,2.23,4928,66.3,163791,163791,70467,1.7,36369,155800,1053,934908
"Yakima, WA Metro Area",176996,8.1,184095,,16847,17.1,51555,49.5,39.3,34125,111600,74403,34.9,30382,2.89,1982,63.5,31478,31478,21460,8.7,22091,281000,797,248778
"York-Hanover, PA Metro Area",349333,10.1,361664,,17788,8.7,65239,28.5,35.1,51302,234528,98854,32.8,43236,2.38,1424,75.1,84636,84636,46086,8.5,33004,186500,930,443256
"Youngstown-Warren-Boardman, OH-PA Metro Area",430884,12,445710,,36293,16.8,47476,57.9,42.1,71060,257768,107203,33,68788,2.17,4459,69.8,84776,84776,73913,27.2,27587,183000,660,527008
"Yuba City, CA Metro Area",128604,7.7,133540,,13455,20.9,54745,44.4,40.7,28135,76860,46227,37.3,23342,2.73,809,59.9,22395,22395,12443,2.2,25576,114700,942,171343
"Yuma, AZ Metro Area",158496,9.3,164347,,17276,23.8,43403,55.6,47.3,30219,82755,53632,33.7,25582,2.76,1339,65.7,27611,27611,21339,15.7,21484,295000,884,205357
"Zanesville, OH Micro Area",66500,10.1,69228,,5278,14.4,49602,75.3,39.9,11601,41631,19643,41,9854,2.27,622,71.4,14801,14801,9816,25.1,26994,140600,710,85373
"Charleston-North Charleston, SC Metro Area",615712,9.5,633420,,29638,8.2,64283,31.2,34.5,96168,405879,171648,33.1,96956,2.48,5225,67.1,131340,131340,66128,6.4,35374,120000,1201,771374
"Champaign-Urbana, IL Metro Area",192368,7.9,197363,,10758,10.2,52912,40.5,38.2,39628,121806,44735,32.5,41411,2,958,57.1,35047,35047,19991,19.8,30462,252900,809,235139
"Charleston, WV Metro Area",168751,12,173394,,11334,14.5,40806,53.2,47.9,39713,90314,42459,36.5,27413,2.08,4658,69.8,25243,25243,38072,28.6,27785,160600,764,209058
"Charlotte-Concord-Gastonia, NC-SC Metro Area",1958453,8.3,2030682,,69075,5.7,62068,21.5,32.8,301932,1363607,610093,31.6,329130,2.49,14349,65.7,442090,442090,189077,9.8,34639,113100,1042,2551649
"Charlottesville, VA Metro Area",188716,10.6,193139,,4237,4.2,71052,25.9,39.4,32193,116527,42733,31.2,33003,2.28,2819,62.8,34992,34992,20770,3,44099,215500,1186,226190
"Chattanooga, TN-GA Metro Area",443017,10.3,456484,,18694,7.7,54732,29.2,38.5,76610,280468,115554,38,70248,2.26,4534,68.2,89038,89038,61847,14.7,30057,299000,834,552122
"Cheyenne, WY Metro Area",75854,9.9,78343,,3389,8.2,64306,31.7,36.2,12346,47023,23088,33.4,11186,2.32,-999999999,71.8,19441,19441,9051,1.3,34448,162200,893,95265
"Chicago-Naperville-Elgin, IL-IN-WI Metro Area",7338745,8.5,7589015,,396388,8.9,70760,37.2,32.9,1088815,5080038,2156404,30.4,1246171,2.39,39659,64.8,1509893,1509893,782037,6.3,38105,246500,1110,9406512
"Buffalo-Cheektowaga-Niagara Falls, NY Metro Area",901997,10.2,931734,,75421,14.9,56195,51,38.2,148410,574761,227658,32.7,166746,2,7063,65.3,186398,186398,126962,16.9,32691,247800,809,1116982
"Burlington, NC Metro Area",129481,9.7,133308,,4310,6.1,49979,37.1,38.7,22716,81671,36930,40.6,21578,2.41,1199,66.6,26783,26783,16339,17.7,27589,155500,819,165380
"Burlington-South Burlington, VT Metro Area",179510,10,184706,,12934,11.6,71452,39.5,31.1,23101,126595,41082,27.8,29246,2.09,902,66.5,40316,40316,17767,2.8,35740,151900,1159,218697
"California-Lexington Park, MD Metro Area",85463,7.7,88694,,5568,10.8,92250,37.4,33.7,13126,56956,27201,36.7,11935,2.35,-999999999,71.1,22710,22710,6594,2.6,39459,279300,1266,109623
"Canton-Massillon, OH Metro Area",313278,11,322748,,19619,11.4,51624,44.2,38.6,47311,198155,85133,34,51879,2.17,2988,68.3,69877,69877,41870,22.8,28135,309800,715,393570
"Cape Coral-Fort Myers, FL Metro Area",621936,15.7,637646,,17591,6.1,56129,25.8,47.1,95641,337304,132464,26.8,76370,2.86,2992,72.8,105649,105649,99203,7.6,33010,137300,1190,750089
"Chico, CA Metro Area",185044,10.9,190638,,19361,20.6,51652,54.6,42.6,35848,109346,46114,34.1,36695,2.59,1818,58.6,30620,30620,21321,3.5,28915,235000,1066,229374
"Chillicothe, OH Micro Area",60791,10,63009,,4517,16.9,46769,50.3,50.2,12955,31292,16068,49.3,10065,2.15,581,66.2,10099,10099,9615,21.2,23377,274200,667,71344
"Cincinnati, OH-KY-IN Metro Area",1678948,9,1736448,,100044,9.9,62743,41.6,33.9,257469,1146468,509856,32.5,298002,2.19,11607,65.5,382456,382456,182077,13.8,34173,142100,850,2162574
"Claremont-Lebanon, NH-VT Micro Area",179820,13.1,184833,,13227,13.7,61558,49.7,37.1,27325,116137,37356,31,23895,2.1,1169,73.6,37726,37726,29031,7.3,33982,173500,1017,214968
"Clarksburg, WV Micro Area",72275,12,74356,,4975,14.3,45315,54.4,45.3,13988,40708,17382,37.3,10142,2.37,1698,71.8,10958,10958,14892,26.8,26229,216800,818,87725
"Clarksville, TN-KY Metro Area",214010,5.8,221020,,19949,18.8,51280,33.4,36.2,44904,122613,76717,41.8,44635,2.59,2084,57.3,40157,40157,19710,15.4,26283,116400,927,268933
"Clearlake, CA Micro Area",50872,15.2,52124,,7330,31.9,48554,38.9,47.3,10694,27414,13480,38.6,9361,2.49,-999999999,65,9484,9484,7929,12.9,29537,168600,1173,63594
"Cleveland, TN Metro Area",98735,9.9,101680,,5438,10.5,48101,35.8,39.4,19579,61513,26012,40.7,15235,2.51,1724,67.4,17013,17013,14530,17.5,25798,245700,770,123377
"Cleveland-Elyria, OH Metro Area",1623135,10.5,1675861,,109946,12.1,56203,51.7,36.4,241206,1064845,433105,33.4,308240,2.07,14167,64.4,348617,348617,209182,18.2,34355,161400,804,2032245
"Coeur d'Alene, ID Metro Area",124875,11.2,128401,,5952,8.5,55236,5.3,38.6,19678,78864,36528,31.6,18241,2.43,716,71.9,28850,28850,17864,4.1,30304,158000,1001,160376
"College Station-Bryan, TX Metro Area",207900,6.4,214535,,6070,5.4,50512,13.1,41.9,52267,124494,57067,33.8,47545,2.36,1457,49.7,23414,23414,23656,11.6,27166,276500,937,259658
"Colorado Springs, CO Metro Area",562799,8.3,581664,,47415,14.7,67430,41.3,31.6,86980,369520,175937,32.5,91756,2.48,3198,66.2,129023,129023,50915,1.5,33471,213100,1188,707574
"Columbia, MO Metro Area",143466,7.3,147029,,4649,5.3,54356,7.9,32.6,24445,99127,36398,34.4,33107,2.25,801,54.2,26026,26026,13084,6.6,29965,290100,878,178844
"Columbia, SC Metro Area",650530,9.2,671888,,30811,8.7,53765,32,36.4,113214,415289,182105,38.2,103613,2.51,5191,67.1,133615,133615,77864,16.2,28339,192200,946,807551
"Columbus, GA-AL Metro Area",232530,8.4,240490,,15053,13.5,49731,27.3,41,48892,130856,74547,42.2,50782,2.51,2252,55.7,38915,38915,24910,25,24808,156800,855,291150
"Columbus, IN Metro Area",63063,9.2,65756,,3490,9.6,62047,45.6,37.1,10994,41384,19581,29.1,9277,2.13,-999999999,70.9,14111,14111,8503,17.6,30152,147200,912,81784
"Columbus, OH Metro Area",1611549,8,1666326,,104596,10.6,64052,41,33,250800,1114965,494165,33.2,305707,2.33,11760,61.9,345029,345029,151069,11.2,33830,155700,947,2080065
"Concord, NH Micro Area",122537,11.2,125929,,6235,8.6,75088,31.9,32.9,14549,84382,28585,28.5,14219,2.02,377,75.7,28048,28048,16254,4.3,37119,196700,1012,147658
"Cookeville, TN Micro Area",88370,10,91247,,6174,13.1,45179,5.3,40.8,16404,53860,23385,48.1,16050,2.15,1632,65.2,15686,15686,14448,15.9,24315,239100,703,110390
"Coos Bay, OR Micro Area",53197,15.1,54529,,6224,26.6,50323,74.4,48.2,9779,28148,11169,41.1,9849,2.36,-999999999,64.7,-999999999,-999999999,-999999999,11.1,29009,152500,846,63727
"Corning, NY Micro Area",75407,11.3,78099,,7841,19.8,55569,65.2,41.2,13159,45897,20343,26.4,10854,2.03,611,73.3,13798,13798,15926,33.6,29880,205200,658,94678
"Corpus Christi, TX Metro Area",342134,9.1,354356,,14664,7.8,54264,17.5,38.7,63062,216027,110687,39.1,61902,2.58,3073,61.7,51444,51444,48347,21.9,27347,102600,1006,447304
"Corvallis, OR Metro Area",77331,9.9,79378,,4509,10.8,63773,42.7,39.5,14970,47980,14770,26.1,14620,2.26,-999999999,58.8,13053,13053,7847,2.2,32374,141200,1072,91904
"Crestview-Fort Walton Beach-Destin, FL Metro Area",217870,10.7,224551,,11294,10.2,63710,31.8,38.6,37522,128251,60618,37.9,34862,2.49,3448,67.8,44476,44476,29002,8.6,33738,356600,1105,264149
"Cullman, AL Micro Area",64550,10.9,66680,,1830,5.6,44612,17.4,43.8,13055,37492,18877,46.8,7563,2.62,-999999999,75.1,10619,10619,12141,23.2,25874,238600,710,82550
"Cumberland, MD-WV Metro Area",80689,11.6,82599,,8209,22,44607,55.3,44.8,11880,45577,17159,36.1,10560,2.33,1164,72.1,14454,14454,12879,27.1,24073,127700,650,91755
"Dallas-Fort Worth-Arlington, TX Metro Area",5585536,7,5808669,,171648,4.8,69445,12.1,31.2,893972,3991824,1953136,32.6,1071873,2.58,28450,59.1,999985,999985,552020,8.7,34971,119600,1152,7490827
"Dalton, GA Metro Area",106705,8.6,111877,,1850,3.1,45326,9.1,38.3,19741,68975,37236,39.4,17348,2.73,1045,66,18238,18238,15437,23.1,21838,238800,704,142839
"Danville, IL Metro Area",58760,10.8,60826,,3495,12.8,43655,63.8,45.5,10789,33062,18046,35.6,9518,2.34,1007,68.4,9973,9973,10675,38.3,23995,129000,675,74166
"Danville, VA Micro Area",80960,12.7,83223,,3771,10.3,39512,35.7,47.1,16600,43980,20634,36.7,14232,2.4,963,67.1,12438,12438,16590,26.7,22457,85000,705,99181
"Daphne-Fairhope-Foley, AL Metro Area",170866,12.5,176222,,4003,4.3,56813,37,40,27394,105280,47143,31.4,20491,2.57,2743,75.5,36924,36924,26086,10.2,32704,107100,1057,214983
"Davenport-Moline-Rock Island, IA-IL Metro Area",292683,10.1,302639,,20956,12.5,55635,32.4,35.8,40959,194322,87251,31.2,45674,2.23,2223,70.3,66017,66017,42174,24,31084,193800,777,375059
"Dayton, OH Metro Area",629327,10.2,650644,,47849,13.8,54942,47.7,37.1,98732,405457,176966,35.5,126278,2.19,5461,61.9,131539,131539,73609,22.9,31368,138500,786,793295
"Decatur, AL Metro Area",117833,10.2,121962,,3144,5.1,49133,20.6,42.7,23930,69800,34190,42.8,16484,2.63,2437,71.5,20207,20207,21172,23.1,26548,143600,705,150347
"Decatur, IL Metro Area",81615,11.2,84164,,5747,13.2,50066,47.1,38.6,10902,51700,23073,33.7,14604,2.18,693,67.2,16213,16213,13745,32.2,29539,132500,719,102467
"Deltona-Daytona Beach-Ormond Beach, FL Metro Area",544084,14.3,559164,,19302,7.7,51364,29,47.6,102772,292914,115213,36.1,71985,2.53,3240,72.3,102307,102307,85405,7.7,29355,102100,1048,654216
"Detroit-Warren-Dearborn, MI Metro Area",3371991,9.6,3486955,,245352,12.9,60513,50.8,37.4,590419,2180205,953296,35.2,528058,2.26,23383,69.1,708953,708953,473675,13.2,33733,199400,927,4297161
"Denver-Aurora-Lakewood, CO Metro Area",2273326,8.1,2349994,,161006,10.7,79478,36.4,28.1,286786,1687020,658097,30.1,417459,2.3,7666,63.1,530209,530209,183742,1.1,42116,180300,1388,2907940
"Des Moines-West Des Moines, IA Metro Area",489434,7.8,508393,,32430,10,71352,51.9,27.9,56295,366089,165617,30.7,77495,2.25,3185,69.6,125858,125858,51702,10,35601,420600,898,649190
"Dothan, AL Metro Area",114811,11.2,118751,,4069,7.4,45152,17.7,44.8,25294,65282,33313,36.7,16923,2.77,2162,69.5,20726,20726,17782,26.6,25106,195300,691,146692
"Dover, DE Metro Area",137905,9.7,141800,,13386,18,54419,74,39.1,25159,83964,40500,30.6,21718,2.55,906,68,28148,28148,17975,4.9,27508,125500,1017,175018
"DuBois, PA Micro Area",64707,11.3,66451,,5202,16.4,46205,42.7,45.7,10045,36069,14665,35.9,7473,1.86,700,76.6,12116,12116,12403,33.3,24968,228500,579,73881
"Dubuque, IA Metro Area",75327,9.8,77985,,5262,12,60225,58.3,34.4,10154,51120,21453,31.7,10620,2.18,762,72.4,16768,16768,11113,11,30732,99300,739,95638
"Duluth, MN-WI Metro Area",224510,10.9,230568,,16246,13.1,53767,53.5,38.1,34902,142104,54046,30.6,34689,1.99,2554,70.4,48642,48642,33895,18.2,29653,167100,763,273059
"Dunn, NC Micro Area",99284,7.6,103270,,5009,10.4,51022,20.3,42.3,23531,55395,34910,36.5,16056,2.84,755,65.1,18365,18365,11594,16.4,23571,161200,875,128542
"Durham-Chapel Hill, NC Metro Area",458396,9.4,471051,,15838,5.8,62114,13.2,35,74837,306162,116937,30.2,85856,2.28,3676,62,94123,94123,45720,7.1,37751,155400,1047,568778
"East Stroudsburg, PA Metro Area",136021,10,140323,,10451,14.6,64170,34.3,39.8,26811,84490,33462,33.4,12394,2.78,-999999999,77.5,26936,26936,15779,10.8,28188,250200,1019,168513
"Eau Claire, WI Metro Area",133636,9.9,137803,,6778,8.6,60081,38.7,34.7,18755,89952,34955,35.9,21539,2.18,1169,67.8,29519,29519,15738,9.5,29721,173500,793,165428
"El Centro, CA Metro Area",130996,7.3,136416,,16262,28.1,48984,71,47.8,27788,70917,50786,48.2,14294,4.16,617,65.8,16952,16952,10518,4.6,16920,171900,775,172029
"Elmira, NY Metro Area",66656,11.3,68809,,5777,16.7,53005,58.9,43,10690,39210,17542,39.2,11498,2.06,313,66.5,11713,11713,11114,36.7,30185,214400,794,81620
"El Paso, TX Metro Area",615954,6.9,642514,,23003,6.8,43862,15.2,37.7,118070,385524,228661,44.9,105469,2.78,5954,61.1,91134,91134,74519,27,21640,105300,800,822650
"Enid, OK Metro Area",45111,8.9,46697,,1978,8.2,53946,16.9,35.8,6995,28877,15699,52.2,8292,2.81,-999999999,63.9,7397,7397,7309,30.7,26596,123600,864,58638
"Erie, PA Metro Area",213954,10.3,221307,,19594,16.7,48007,53,38.8,33670,135069,57857,35.4,37828,2.09,2042,65.5,41167,41167,30802,20.2,26606,116800,761,265285
"Eugene, OR Metro Area",309710,11.9,317579,,29235,17.9,53172,43.1,40.5,55616,188439,69720,35.1,63589,2.31,2148,59.3,57350,57350,35133,2.1,29762,143700,998,377678
"Eureka-Arcata-Fortuna, CA Micro Area",110238,11.2,112359,,15427,26.6,50294,57.6,36.9,19459,70898,26073,35.9,26015,2.32,1212,53.4,15815,15815,13943,2.2,27406,281200,975,135418
"Evansville, IN-KY Metro Area",244582,9.9,253268,,11930,8.7,55412,25,37.4,40152,158606,70039,35.7,41340,2.04,1769,67.9,55406,55406,31934,19,31421,326400,767,309878
"Fairbanks, AK Metro Area",75113,7.4,77416,,5963,14.3,75448,36,28.5,12373,48699,23794,38,14768,2.37,-999999999,59.4,-999999999,-999999999,-999999999,5.5,36834,146400,1232,91940
"Elizabeth City, NC Micro Area",51394,12.1,52647,,2472,9.8,50391,28.1,42,8975,29624,15412,39.7,8302,2.23,-999999999,68.6,-999999999,-999999999,-999999999,13.5,24429,259500,783,64922
"Elizabethtown-Fort Knox, KY Metro Area",115208,8.7,119304,,12803,21.4,51147,60.6,40.2,23700,68631,37096,45.2,19371,2.55,2009,66.1,22276,22276,15451,17.4,28380,177700,817,147328
"Elkhart-Goshen, IN Metro Area",148938,8.2,155311,,8844,9.8,58350,42.6,32.2,21103,105272,56402,34,21444,2.53,1323,70.9,35518,35518,16698,17.5,25694,157800,804,202850
"Fargo, ND-MN Metro Area",189019,6.9,193867,,10466,8.1,65073,40.6,25.9,21172,143444,56375,29.9,42098,2.07,644,57.6,39000,39000,18208,3.3,36926,152800,831,243654
"Faribault-Northfield, MN Micro Area",51639,8.8,53662,,2829,9.8,65839,44.2,36.1,6364,34233,14876,26.2,5431,2.25,-999999999,76.7,11299,11299,6628,1.8,29771,221400,853,64002
"Farmington, MO Micro Area",52576,9.9,54740,,2307,9.2,46796,28.7,48.3,9518,28319,14039,43.1,8928,2.2,-999999999,65.2,-999999999,-999999999,-999999999,24.8,23478,218100,642,60045
"Farmington, NM Metro Area",92105,9,96348,,10207,23.4,44841,73.3,47.3,23356,50807,32820,43.8,12405,3.13,1955,71.6,13155,13155,18147,13.1,22067,126200,852,123698
"Fayetteville, NC Metro Area",290323,7,300733,,24485,17.6,46679,31.9,36.7,57610,159735,96527,44.2,68578,2.41,3964,53.3,53481,53481,24701,25,24514,149600,926,352949
"Fayetteville-Springdale-Rogers, AR-MO Metro Area",414062,7.3,429714,,20151,8,57911,26.9,35.1,73978,278412,139621,36.9,78973,2.38,3883,61.5,77731,77731,48574,11.5,31222,138700,827,549900
"Findlay, OH Micro Area",59160,9.5,61500,,5357,14.8,60788,33.6,31.1,6909,42358,16770,34.1,9509,2.03,-999999999,69.9,13606,13606,8491,15.8,32438,173600,714,75072
"Flagstaff, AZ Metro Area",113399,7.8,116671,,7203,11.7,61843,27.3,38.4,23798,71793,29432,33.2,17576,2.42,1306,62.8,14639,14639,15060,9.3,27143,152900,1234,142140
"Flint, MI Metro Area",315339,10.1,325944,,32634,20,48127,57.4,40.7,60961,193304,91416,35.9,54063,2.23,3799,68.1,65927,65927,49479,18.7,28039,293800,747,404792
"Florence, SC Metro Area",157340,10.8,163126,,7941,10.1,42612,23.1,43.8,32362,91619,47599,30.4,25128,2.72,4947,66.9,26125,26125,24573,26.2,24914,118700,699,202846
"Florence-Muscle Shoals, AL Metro Area",118755,11.3,121777,,1962,3.2,49407,21.1,44.9,24115,66911,28366,37.9,19347,2.14,2067,67.7,19798,19798,20787,18.2,28081,124800,656,145745
"Fond du Lac, WI Metro Area",81036,10.5,83684,,3925,8.2,57415,58.6,34.3,9877,54976,22026,33,12509,2.11,718,69.5,17446,17446,11054,14.7,29145,145800,725,101316
"Forest City, NC Micro Area",53044,12.3,55558,,2602,10.2,43111,34.4,44.4,10984,30895,13779,44.8,8436,2.41,-999999999,67.9,7685,7685,10184,26,23719,162700,717,65758
"Fort Collins, CO Metro Area",281520,9.8,288748,,16036,9.5,71091,34.6,32.6,41870,194050,68975,28.5,51584,2.25,1632,63,57948,57948,29850,1.3,37073,123100,1345,347635
"Fort Payne, AL Micro Area",54240,10.3,57239,,646,2.4,36998,18.3,46.5,12774,30604,17145,43.4,7291,2.82,1769,72.4,8084,8084,11087,22,21822,398300,670,70633
"Fort Smith, AR-OK Metro Area",214895,10,222830,,15413,13.9,44317,25.2,43.4,47110,125794,67323,43.2,36172,2.46,2822,66.8,36392,36392,36226,27.9,25211,112000,679,278822
"Frankfort, KY Micro Area",56736,10.2,59091,,2419,7.6,52134,61.5,37.7,8606,36804,16658,49.1,10306,2.24,-999999999,65.6,12261,12261,7413,14.7,27798,120000,736,72598
"Fresno, CA Metro Area",712580,7.1,741706,,101077,25.9,52629,61.3,39.1,146230,451036,281496,42.2,151080,3.17,7333,51.2,110479,110479,47960,3.2,23834,148500,996,982821
"Gadsden, AL Metro Area",80469,11.2,82575,,2553,6.3,45868,27.9,43.6,17086,46578,21945,39.2,11242,2.63,1328,70.9,13612,13612,13771,25.2,26192,274400,685,101700
"Gainesville, FL Metro Area",236436,8.5,242070,,6798,5.3,50495,11.9,39.5,48067,146275,51964,30.4,40416,2.53,2066,61.6,34621,34621,30124,14.3,28891,127800,1015,285046
"Gainesville, GA Metro Area",150869,8.7,157289,,4675,5.2,61699,31.2,36.7,24698,99473,51216,31.2,19498,3.23,1228,70,28063,28063,17429,7,30008,184100,984,201269
"Gallup, NM Micro Area",51454,6.9,54398,,7485,34.9,34080,74,52.1,16094,26069,20816,50.8,5953,3.35,795,72.2,4637,4637,10859,23.6,15469,217900,644,71941
"Gettysburg, PA Metro Area",81644,11.5,83856,,3377,7.4,62284,26.8,37.8,11838,52137,21091,29.6,9913,2.25,965,74.9,17632,17632,12025,5.9,30366,76500,950,101521
"Fort Wayne, IN Metro Area",326263,9,339499,,20162,10.1,55491,34.1,33,47205,227387,111210,33.2,48183,2.19,1708,72,82368,82368,41760,23.9,29998,206800,767,433177
"Glens Falls, NY Metro Area",102682,12.2,105188,,6945,13.2,57058,60.2,41.6,16773,61105,22731,32,16164,1.97,754,68.9,20093,20093,15739,13.6,30899,135700,886,121289
"Glenwood Springs, CO Micro Area",59130,10,60755,,3288,8.3,76184,44.4,25.1,6255,45493,19037,26.8,8417,3.11,-999999999,68.1,-999999999,-999999999,-999999999,3.7,34058,178000,1374,77479
"Goldsboro, NC Metro Area",94093,9.9,96403,,6357,13.1,40791,21.5,38,17399,57565,29150,36.5,18840,2.44,1952,61.6,17270,17270,12909,20,25460,383300,773,119636
"Grand Forks, ND-MN Metro Area",79707,8.2,82308,,4509,9.3,54659,34.3,30.7,10563,55792,22577,28.1,19254,1.82,512,55.3,14677,14677,9150,8.9,29719,132700,811,99792
"Grand Island, NE Metro Area",62754,9.3,65055,,2314,6.2,54235,31.3,34.8,8781,42443,22345,34.2,10867,2.63,1071,66.8,11380,11380,10440,20.2,26387,196400,807,84035
"Grand Junction, CO Metro Area",119498,10.8,123093,,10030,15.9,49848,43.2,39.6,21154,74316,33624,37.6,19471,2.29,386,68.5,28619,28619,13758,6.2,28679,144200,869,152265
"Grand Rapids-Wyoming, MI Metro Area",814483,8.5,842061,,42789,8.5,63344,42.5,32,116057,572314,254497,31.2,103088,2.36,3837,74,187865,187865,106246,8.5,31769,229000,878,1060696
"Grants Pass, OR Metro Area",70553,15.2,72746,,7182,24.8,48315,60.5,51.7,14733,35122,16655,32.2,10729,2.21,-999999999,71,15678,15678,10652,2.1,25988,189500,847,86819
"Great Falls, MT Metro Area",63743,10.3,65079,,5154,15.2,49948,57.5,37.9,10443,38218,17834,33.1,14375,2.1,714,59.6,13402,13402,7781,6.7,29743,281200,793,78377
"Greeley, CO Metro Area",231808,7.7,240422,,18962,13,75938,42.9,30.4,33930,167047,82367,36.8,28301,2.81,1429,73.8,58895,58895,20733,2.2,32003,189300,1059,311698
"Green Bay, WI Metro Area",246715,9.3,255642,,10738,7,61400,31.4,33.1,32216,170951,74816,26.9,39069,2.06,1634,69.7,55425,55425,34619,12,32446,325400,801,318321
"Greeneville, TN Micro Area",56024,12.4,57660,,2171,8.1,47383,58.9,46.2,11163,30947,12990,45.4,6345,2.38,-999999999,76.8,-999999999,-999999999,-999999999,21.8,24905,174900,688,67713
"Greenfield Town, MA Micro Area",58217,13.6,59819,,6093,18.6,59248,65.5,35.4,7990,38635,12721,27,8822,1.98,138,71,13445,13445,8124,3.6,35421,130500,889,70178
"Greensboro-High Point, NC Metro Area",598156,9.5,617751,,26292,7.9,50026,23.9,38,107941,382480,169336,32.2,114513,2.31,5456,62.1,117461,117461,70127,17.7,29169,238400,826,761362
"Greenville, NC Metro Area",141487,8,145695,,7928,9.9,42481,29.5,36,26561,92592,38329,44.1,32296,2.42,1516,53.4,26494,26494,10498,20.2,24004,152300,714,178394
"Greenville-Anderson-Mauldin, SC Metro Area",704968,9.9,729689,,29244,7.4,55790,24.4,37.5,122058,455421,201163,36.8,107824,2.4,7414,68.7,143661,143661,93179,14.4,29513,146300,862,899387
"Greenwood, SC Micro Area",75102,10.1,78262,,2656,6.7,41959,17.3,41.2,14607,46040,20488,38.2,13179,2.38,1363,65.1,12754,12754,11866,36.1,25944,169100,732,94444
"Gulfport-Biloxi-Pascagoula, MS Metro Area",304549,9.5,314697,,14589,9.4,47444,15.1,39.8,55891,183045,92664,39,59375,2.37,3682,61.7,49177,49177,46474,19.5,26287,100300,841,388140
"Hagerstown-Martinsburg, MD-WV Metro Area",207848,9.8,216115,,16081,14,61256,36.4,38.1,31842,133456,60066,37.7,32332,2.57,2454,68.3,45387,45387,24387,8,30629,147900,935,258923
"Hammond, LA Metro Area",100906,9,104241,,9236,18.4,48205,55.5,41.4,24582,61048,32802,41,13168,2.65,-999999999,72.2,19467,19467,14766,16.2,23098,194800,822,133092
"Hanford-Corcoran, CA Metro Area",110593,5.8,114798,,10428,21,61663,80.9,46.8,24390,57696,40773,42.3,20170,3.41,1337,53.9,16052,16052,7505,5.2,22628,162800,1083,136372
"Harrisburg-Carlisle, PA Metro Area",451623,10.2,465912,,28439,10.7,64213,44.1,34.2,58043,305366,122822,32.7,79048,2.22,2631,66.2,97321,97321,57222,8.7,35748,231100,929,562889
"Harrisonburg, VA Metro Area",107363,8,110758,,3325,5.7,53046,13.3,40.3,22845,66095,27914,35.1,17830,2.61,655,62.8,17912,17912,12245,5,28153,188600,884,134422
"Hartford-West Hartford-East Hartford, CT Metro Area",964016,9.7,996372,,69331,12.3,77258,42.5,34.3,134592,653966,242088,30,154372,2.26,4792,67.2,214091,214091,102188,2.9,41678,210000,1111,1189775
"Hattiesburg, MS Metro Area",112894,8.3,117995,,4912,8.4,45249,16,41.4,25616,69000,36183,51.7,20388,2.5,1969,62.3,17608,17608,16088,15.9,25493,249800,830,148049
"Helena, MT Micro Area",62126,12.4,63840,,5511,15.3,65145,58.2,34.8,7777,41295,16476,28.2,8068,2.17,295,74.9,15881,15881,8147,2.5,32395,154300,816,77740
"Hermiston-Pendleton, OR Micro Area",64769,8.5,67282,,4555,14.1,56211,55,41.2,11155,39542,24126,47.8,12172,2.84,719,58.9,9966,9966,7452,11.9,23360,271800,777,84635
"Hickory-Lenoir-Morganton, NC Metro Area",291524,11.1,300723,,12107,7.8,47544,17.5,38.9,47523,183580,76733,38.6,39904,2.35,2737,72.5,59294,59294,45960,25.6,26416,182600,683,362656
"Hilo, HI Micro Area",157353,13.6,162367,,12160,15.1,57571,55.6,41,26338,95513,43613,35.9,24169,2.87,2444,66.2,26386,26386,21010,3.4,32572,138800,1126,199697
"Hilton Head Island-Bluffton-Beaufort, SC Metro Area",176171,15.5,180891,,5251,6.8,63723,17.1,44.9,28756,93148,41472,25.3,22113,2.69,-999999999,73.7,36641,36641,25287,4.6,36674,368200,1212,209631
"Hinesville, GA Metro Area",57423,5.2,60090,,3686,13,47234,17,31.9,11298,34785,22579,48.2,15881,2.37,-999999999,49.3,-999999999,-999999999,-999999999,28,22815,299800,1073,73338
"Guayama, PR Metro Area",57077,11.5,58749,,7674,51.9,17062,89.8,71.1,23530,16919,null,null,7461,2.88,-999999999,70.7,-999999999,-999999999,-999999999,55.5,9909,112100,386,null
"Iowa City, IA Metro Area",137563,7.4,141324,,7070,8.2,64635,31.2,30.4,21380,98313,35775,25.4,27834,2.09,640,60.1,26720,26720,15132,4.8,36342,85400,968,171401
"Hobbs, NM Micro Area",48983,6.9,51076,,3704,14.2,50871,70.9,39.7,9879,30749,20603,43,8246,2.56,-999999999,64.5,6904,6904,8065,20.6,23318,225300,862,67368
"Holland, MI Micro Area",88970,10.2,92850,,4233,8.2,61353,38.8,37.6,13997,57899,28338,25.8,7509,2.55,-999999999,82.9,23193,23193,13290,9,28267,134200,872,116315
"Homosassa Springs, FL Metro Area",125980,19.9,128567,,5316,13.2,39964,29.9,61.7,26456,49202,21787,34.2,10665,2.69,755,82.9,21601,21601,30027,21.8,26187,170200,880,145839
"Hot Springs, AR Metro Area",79367,12.8,81395,,5709,15.3,42779,54.2,47.8,15546,42510,19565,41.1,13592,2.53,1209,66.4,14697,14697,12118,20.1,26857,137600,790,97955
"Houma-Thibodaux, LA Metro Area",157861,9,163170,,13086,15.9,51440,62,41.4,33040,95422,51275,41.8,18511,2.36,2565,74.9,28318,28318,26920,18.2,26869,149500,816,207238
"Meadville, PA Micro Area",67326,12.2,69543,,4828,14.1,51502,58.1,41.2,11272,40880,17618,37.4,8543,2,1475,75.2,13517,13517,12326,29.3,26419,153000,632,83502
"Merced, CA Metro Area",194425,6.4,203248,,28168,26.7,57745,60.9,38.7,40196,124576,80253,44.5,37311,3.56,2224,53.1,27900,27900,14276,3.1,23711,113700,1023,272072
"Medford, OR Metro Area",174993,13.2,180233,,15436,17.4,56546,49,42.2,30341,104123,44517,30,30479,2.33,1664,66.1,36580,36580,22728,4.4,30901,261100,980,218330
"Memphis, TN-MS-AR Metro Area",1015860,8.6,1056054,,49844,8.7,50338,32.6,35.8,177623,675844,333383,36.6,199296,2.53,8692,60.5,196195,196195,108650,21,28016,293600,893,1332548
"Meridian, MS Micro Area",78198,10.2,79877,,2964,8.2,37816,19,45.5,16367,42675,25943,46.1,12935,2.63,1196,67.6,12275,12275,14704,28.7,21900,157700,760,100502
"Marion, OH Micro Area",51298,10.3,52627,,5591,23,43008,53.4,46.4,9216,28223,13915,36.9,8585,2.53,856,64.5,9924,9924,5696,30.7,21296,91500,711,59946
"Marquette, MI Micro Area",54066,11.3,55205,,3962,13.9,54779,44.1,40.9,8935,32485,12402,29.5,8220,1.95,579,68.8,10708,10708,7400,17.8,26982,110700,784,65038
"Marshall, TX Micro Area",49834,10.1,52209,,1834,7.1,50561,41.4,41.3,10320,30641,16773,40.8,6927,2.89,-999999999,69.8,6705,6705,9296,16.8,24878,156500,709,65988
"Martinsville, VA Micro Area",52469,12.6,55198,,1471,6.8,30040,21,54.2,12891,25286,12478,43.7,9082,2.05,896,66.3,-999999999,-999999999,-999999999,44.3,18992,138300,611,63864
"Mayag\u00FCez, PR Metro Area",72564,12.4,75056,,6779,36.8,12913,66.4,65,23620,26211,null,null,15246,2.14,3944,59.4,5983,5983,16311,41.8,10598,86400,411,null
"McAllen-Edinburg-Mission, TX Metro Area",584647,6.2,614895,,14643,4.6,39165,8.5,41.3,127297,361040,281208,48.3,74502,3.35,7102,68.6,67020,67020,95801,34.3,16819,94200,703,858369
"Miami-Fort Lauderdale-West Palm Beach, FL Metro Area",4944394,9.6,5089225,,170711,6.1,56328,18.9,37.1,765871,3200494,1253018,32,859668,2.83,23603,59.9,739762,739762,543637,5.9,32058,87500,1360,6150372
"Michigan City-La Porte, IN Metro Area",86585,10.9,89123,,5533,12.7,51584,43,43.2,12806,50613,23312,37.7,11691,2.49,642,72.9,20000,20000,11431,25.4,26844,298800,749,102448
"Midland, MI Metro Area",64980,10.4,67552,,5435,15.8,56091,56,41.5,12025,39526,18216,31.4,9071,2.09,314,73.4,13910,13910,11110,20.8,34197,133600,700,82646
"Midland, TX Metro Area",126064,6,130723,,5565,6.5,80747,21.2,27.8,16838,94261,51140,43.8,20047,2.58,-999999999,66.1,20022,20022,19110,8.2,39367,146200,1281,175940
"Milwaukee-Waukesha-West Allis, WI Metro Area",1213267,9,1254071,,70004,9.5,60643,43.5,34,177597,826511,361843,31.7,251335,2.18,6484,60.4,254432,254432,128631,8.2,35106,215800,884,1562591
"Minneapolis-St. Paul-Bloomington, MN-WI Metro Area",2772213,8.3,2866310,,194386,10.6,79578,39.1,28.4,319778,2050557,856204,30.1,415957,2.24,10087,70,680748,680748,289763,2,40772,222100,1090,3601564
"Minot, ND Micro Area",58225,7.8,60108,,2731,8.3,65085,15.5,30.1,8188,37397,17407,38.9,12820,1.94,593,59.4,10283,10283,8445,8.5,31626,270600,946,70379
"Missoula, MT Metro Area",96670,9.5,98913,,8118,12.8,56598,48.9,28.7,11456,70418,22056,35.9,21532,1.94,905,57.3,16851,16851,12018,3.4,31690,190100,857,118160
"Mobile, AL Metro Area",316980,9.5,328844,,10290,6.5,43061,31.5,44.5,73905,181636,96652,34.3,63441,2.47,5658,60,53683,53683,41503,23,24663,302100,824,409671
"Modesto, CA Metro Area",401014,7.8,418513,,44752,20.9,60321,53.9,39.9,83538,251631,148550,39.4,71480,3.12,3260,59.2,68318,68318,35373,2.5,26191,131700,1158,547120
"Monroe, LA Metro Area",133923,9.2,138767,,9982,15,44353,57.9,44.5,27124,76925,42778,32,24781,2.63,1354,61.8,19518,19518,20492,15.6,27350,318900,749,170917
"Monroe, MI Metro Area",118257,10.7,122210,,5596,8.6,61916,50.8,39.1,20129,74375,32148,32.6,12169,2.03,653,80.2,31460,31460,17957,9.4,31458,156600,848,149633
"Montgomery, AL Metro Area",286579,9.2,298057,,11174,7.5,51943,35.3,42,59251,170087,86620,43.9,51071,2.44,4566,64.2,56505,56505,35152,21.9,28400,168800,897,362657
"Morehead City, NC Micro Area",57181,15.5,58873,,2334,8.8,54833,16.6,45.5,9998,31561,12332,37.7,7282,2.18,627,74.6,11216,11216,10222,5.8,29367,144600,879,68264
"Morgantown, WV Metro Area",116087,8.5,118793,,6759,11,50574,37.9,40,23400,71015,24121,42.3,20021,2.28,1068,62.3,17266,17266,15886,13.8,30180,218500,837,135994
"Morristown, TN Metro Area",92767,11,95938,,4961,11.4,47439,9.5,45.3,20602,52411,25780,45.6,12530,2.49,501,71.4,16842,16842,14400,15.5,24056,171600,679,116753
"Moses Lake, WA Micro Area",69041,9,71819,,6997,18.1,53057,41.3,37.3,12753,45004,28270,40.6,11832,2.85,-999999999,61.6,11009,11009,7965,9,23269,146700,770,96877
"Mount Airy, NC Micro Area",56752,11.6,58278,,1082,3.8,48398,19.5,44.8,11884,32156,15156,42,8058,2.16,766,72.4,10750,10750,10422,25.4,25363,201600,582,71195
"Mount Pleasant, MI Micro Area",58756,7.6,60286,,4588,14.5,46198,24.2,38.9,12496,36819,11766,34.3,9407,2.55,362,62.9,9221,9221,6739,23.9,24521,123100,744,70023
"Mount Vernon-Anacortes, WA Metro Area",100229,12.3,103110,,4945,9.3,73206,59.7,39.5,14717,61628,27860,32.6,14986,2.38,723,69.1,20558,20558,12930,2.1,34708,139200,1107,126580
"Muncie, IN Metro Area",93342,9.6,95928,,6246,12.6,41662,33.8,39.9,18215,57484,21297,35.8,15923,2.2,1380,64.9,17769,17769,11619,33,23387,336900,750,113288
"Muskegon, MI Metro Area",133524,10.1,138591,,10972,15.5,50080,45.6,42.3,23450,79963,40037,36.6,16712,2.24,1415,75.1,28984,28984,21500,21.4,25432,96000,751,168411
"Muskogee, OK Micro Area",51722,9.2,53667,,3123,12,45290,21.3,44.4,9819,29814,16594,41.1,8888,2.25,1063,66.5,10145,10145,7533,27,24361,123300,685,65107
"Myrtle Beach-Conway-North Myrtle Beach, SC-NC Metro Area",398389,17.6,408365,,14308,7.8,51580,23.7,46.8,69269,216712,82491,29.3,43783,2.7,2780,76.7,81189,81189,62960,11.5,28877,113100,933,477763
"Nacogdoches, TX Micro Area",50361,8.7,51893,,1928,7.9,46459,41.6,45.5,12177,28264,15330,51,9008,2.38,380,61.6,5501,5501,8933,12.9,21778,194700,741,64924
"Napa, CA Metro Area",110513,11.4,114103,,8199,13.2,87025,34.1,36,14776,72954,28882,29.2,17262,2.97,648,63.5,19705,19705,10348,2.2,40470,144400,1655,137800
"Naples-Immokalee-Marco Island, FL Metro Area",313957,15.9,321278,,6911,5,69867,25.5,47.7,41186,168117,64476,27.1,37736,2.94,1738,73.8,50812,50812,55624,2.8,45138,665100,1257,376691
"Nashville-Davidson--Murfreesboro--Franklin, TN Metro Area",1486012,8.2,1534538,,66770,7.2,65919,29.3,31.5,222102,1050808,445689,33.4,251551,2.41,13055,65.6,321616,321616,157542,4.7,34879,369700,1081,1913797
"New Bern, NC Metro Area",97149,11.5,100124,,5289,12.8,48557,12.7,45.5,20418,49214,26209,33,17794,2.4,1631,64.1,16567,16567,15166,13.3,27535,261900,923,116278
"New Castle, PA Micro Area",69389,12.1,71732,,5926,16.6,47853,78.1,40.6,10882,42521,16740,40,10722,2.01,1030,71.4,14230,14230,12545,30.6,26428,158900,736,85068
"New Haven-Milford, CT Metro Area",684308,9.7,705905,,58483,14.9,67845,55.3,35.1,102645,458115,173298,30.9,131069,2.2,5960,60.9,134133,134133,70337,4.9,38305,110300,1150,847128
"New Orleans-Metairie, LA Metro Area",987568,9.7,1018658,,87145,16.2,50301,51,38.3,184889,625250,282363,35.3,182013,2.41,10959,62.3,166503,166503,133926,7.9,29830,251100,977,1252374
"New Philadelphia-Dover, OH Micro Area",71117,10.9,73525,,5365,13.5,49658,49.6,36.6,9873,46582,21008,34.5,11568,2.22,722,68.5,13261,13261,11911,22.7,27209,203800,735,91239
"New York-Newark-Jersey City, NY-NJ-PA Metro Area",15690043,8.8,16174055,,1235697,13.4,78478,42.2,35.3,2565127,10453093,4282540,30.4,3513413,2.48,101157,51.8,2374085,2374085,1395425,1.4,43035,141100,1434,19801347
"Niles-Benton Harbor, MI Metro Area",120570,11.2,123766,,9273,14,51262,32.6,36.9,18085,78093,33556,35,17834,2.04,707,72.5,27839,27839,19110,19.4,31244,457100,686,153191
"North Port-Sarasota-Bradenton, FL Metro Area",688542,16.7,704555,,20639,6.8,60921,18.8,48.3,97810,364021,132854,28.2,85437,2.64,3527,74.5,120825,120825,128273,8.1,37874,152900,1267,814558
"Norwich-New London, CT Metro Area",215051,10.3,221413,,18402,15.3,67197,50.5,34,28423,140829,51718,30.9,36595,2.14,1067,66.1,47578,47578,23925,2.8,36428,257600,1115,256016
"Orangeburg, SC Micro Area",68182,11.6,69585,,5090,16.2,36536,34.7,46,15679,37542,18752,30.6,11295,2.56,3455,66.3,7920,7920,14346,23.4,18826,238400,644,86165
"North Wilkesboro, NC Micro Area",54513,12.2,56324,,1473,5.6,43466,11.5,41.5,10606,32916,13989,47.3,7885,2.28,-999999999,73.8,8919,8919,13319,32.8,27684,99500,617,67791
"Orlando-Kissimmee-Sanford, FL Metro Area",2010897,8.7,2073840,,94282,8,58610,19.2,35.8,343143,1330436,560989,35.7,341468,2.84,11043,61,347027,347027,188007,5.5,29431,109000,1217,2553365
"Oshkosh-Neenah, WI Metro Area",136120,9.2,140227,,5633,7,56589,42.8,34.8,17029,91487,34838,30.3,23548,2.07,506,67,29263,29263,18521,14.6,31885,242500,735,166379
"Ottawa-Peru, IL Micro Area",116557,11.1,120775,,9563,14.9,52572,41.6,38.3,16379,74426,31296,35.5,17042,2.18,1021,71.8,23201,23201,20161,26.8,30162,149200,691,144344
"Owensboro, KY Metro Area",90232,9.9,93121,,7328,15,51459,53.2,39.2,15955,56512,29411,36.5,14293,2.3,775,69.4,19429,19429,12965,24.3,26533,123600,767,117737
"Oak Harbor, WA Micro Area",69776,15,71556,,5250,19.2,64793,53.1,45.2,12711,32971,14684,32.2,9291,2.41,-999999999,73.1,15755,15755,9526,1.1,36251,137600,1191,78016
"Ocala, FL Metro Area",294189,15.5,302081,,10849,9.4,44576,32.1,53.7,51092,139826,65473,33.1,35010,2.64,2828,75.6,53696,53696,54735,16.8,25634,392500,901,350908
"Ocean City, NJ Metro Area",77821,14.7,79952,,4023,10.7,67007,22.8,42.4,11491,44812,14739,32.1,7677,2.13,-999999999,80.4,18968,18968,12563,1.9,42585,150600,1107,90196
"Odessa, TX Metro Area",113190,5.6,117708,,3697,5.2,64165,13.3,32.5,20498,79507,48900,45.4,19177,2.76,-999999999,64.7,16033,16033,19116,18.4,30683,306900,1028,161050
"Ogden-Clearfield, UT Metro Area",469558,6.7,491554,,15039,5.1,76653,20.6,31.8,75175,332722,206994,31.2,50897,2.75,1802,75.9,114200,114200,46235,2.2,29048,148000,1000,670230
"Ogdensburg-Massena, NY Micro Area",86447,9.9,89174,,8215,19.4,49681,37,46.2,18177,47982,21562,40.8,11839,1.9,894,71.6,15323,15323,14518,35,25682,282800,685,104389
"Oklahoma City, OK Metro Area",1051681,8.3,1086472,,39798,6.4,57485,20,34.2,176213,709402,344321,41.3,192848,2.51,10564,63.1,199723,199723,129468,16.7,30642,98400,879,1376236
"Olean, NY Micro Area",60115,11,62371,,5355,16.7,48179,66.3,41.6,10554,36455,16633,34.1,9153,2.13,712,71.5,11602,11602,11324,41.1,25133,160900,688,76091
"Olympia-Tumwater, WA Metro Area",225038,11,232674,,15832,12.8,72703,38.5,38.5,38039,139547,61290,33.6,39779,2.53,-999999999,64.1,48533,48533,22401,1.7,34725,86200,1222,280820
"Omaha-Council Bluffs, NE-IA Metro Area",701434,8.3,728218,,27579,6.2,66241,23.8,30.1,91493,504030,239565,31.8,127305,2.2,4978,64.9,161247,161247,74212,10.5,34714,314900,910,927832
"Opelousas, LA Micro Area",60504,9.4,63347,,4109,15.3,32867,69,48.2,16176,32803,22245,27.5,10337,3.03,1425,65.5,6662,6662,12966,23.7,20035,178900,621,81729
"Owosso, MI Micro Area",53626,11,55620,,3861,13,54456,29.2,39.6,8827,33613,14566,37,7720,2.22,-999999999,72.6,11944,11944,8554,29.7,29621,129200,684,67778
"Oxnard-Thousand Oaks-Ventura, CA Metro Area",656509,8.9,679810,,45545,11.8,84566,32.6,35,104581,438249,194167,33.4,102016,3.14,5075,62.5,120085,120085,49879,1.7,36791,125100,1747,843490
"Paducah, KY-IL Micro Area",76285,10.6,78681,,8688,23.2,47346,58.3,45.1,15829,43157,22313,36.3,12645,2.26,1195,68.1,12949,12949,14085,25.5,30336,614400,747,96990
"Palatka, FL Micro Area",58406,14.3,60519,,2897,12.9,41608,14.5,53.3,13646,28284,15677,28.5,6296,2.89,-999999999,77.5,8632,8632,12999,32,21696,121600,736,73177
"Palm Bay-Melbourne-Titusville, FL Metro Area",487222,12.8,500565,,21610,9.3,57888,21.6,45.8,91418,270265,109395,34.4,55114,2.48,2246,75.7,96868,96868,74381,10,31082,90600,1074,591234
"Panama City, FL Metro Area",159537,10.1,164814,,11344,13.6,51842,38.4,40.7,28159,94264,43382,46,25141,2.64,1367,68.7,31074,31074,24232,14.9,28028,221300,1077,195631
"Parkersburg-Vienna, WV Metro Area",72611,11.7,75158,,6457,17.7,44054,70.5,45.4,15307,41061,19806,39.7,10502,2.03,1095,73.1,14330,14330,14163,25.2,25884,175000,727,91950
"Pensacola-Ferry Pass-Brent, FL Metro Area",389806,9.7,401176,,17215,8.6,57998,39.7,40.5,72025,229012,104829,34.6,58406,2.49,2751,68,76445,76445,47860,16.5,30210,126600,999,473528
"Peoria, IL Metro Area",283391,10.1,292926,,17176,11.1,58603,45.6,39.6,48939,176738,85179,34.1,45071,2.19,3424,69.5,60252,60252,42284,22.4,31495,169800,777,363262
"Philadelphia-Camden-Wilmington, PA-NJ-DE-MD Metro Area",4775449,9.1,4925297,,288644,10.4,70747,42,34.8,748961,3203213,1317542,32.6,764467,2.3,29069,66.6,1000945,1000945,520239,6.8,38404,140200,1134,6016894
"Portland-South Portland, ME Metro Area",435311,11.6,447188,,18057,6.8,69980,24.4,31.9,50195,303896,99905,29.5,67663,1.92,3382,70.4,107340,107340,53245,3.4,37903,256400,1068,530349
"Portland-Vancouver-Hillsboro, OR-WA Metro Area",1947785,9.2,2007800,,129017,10.7,75599,38.4,32.8,289942,1348600,530596,31.4,359090,2.35,10044,62.4,419237,419237,176620,1.2,38987,275600,1323,2463811
"Port St. Lucie, FL Metro Area",392387,13.9,403409,,16272,9.2,55714,23.2,48.4,69839,207523,89550,30.9,44035,2.76,1806,75.8,70828,70828,66975,8.2,31818,397500,1254,476747
"Phoenix-Mesa-Scottsdale, AZ Metro Area",3704034,9.1,3834872,,239816,11.3,64427,41.9,36.8,601070,2417996,1152495,32.8,624706,2.7,23968,63.9,750674,750674,355020,3.7,32438,233300,1117,4800763
"Pine Bluff, AR Metro Area",71434,10.5,73892,,3787,13.6,37314,34.2,56.3,15418,32317,18872,40.2,12014,2.47,1377,63,8746,8746,11707,39.2,20100,267000,721,79703
"Pinehurst-Southern Pines, NC Micro Area",77829,12.9,81077,,4091,11.2,58531,68.6,42.3,12152,44250,20826,34.3,9526,2.2,981,76.6,18481,18481,12749,14.2,34399,84300,797,95064
"Pittsburgh, PA Metro Area",1886029,11.1,1936873,,103174,9.7,59710,42.1,37,277430,1218837,437409,32.7,308230,1.88,17795,69.6,406651,406651,298931,18.7,35911,222300,832,2299766
"Pittsfield, MA Metro Area",104784,13.2,108235,,8206,14.9,60476,49.6,39.5,15481,65311,21366,32,17573,1.82,492,68.2,22568,22568,15071,5.9,34800,160300,894,124206
"Plattsburgh, NY Micro Area",66514,9.7,67958,,5215,16,56704,24.9,46.7,13418,36041,14146,36.2,9920,1.99,895,68.4,12647,12647,8825,22.1,27980,224800,827,75657
"Pocatello, ID Metro Area",64594,8.4,67606,,2176,6,50748,21.3,38.8,12005,41298,22523,46.5,10639,2.6,352,65.3,12615,12615,7381,10.8,23890,135500,695,86127
"Ponce, PR Metro Area",231162,11.8,238834,,30055,38.9,17607,75.4,60,73396,95595,null,null,32903,2.53,12851,69.4,21117,21117,53545,40.1,10522,165800,428,null
"Port Angeles, WA Micro Area",63662,16.8,65156,,3497,12.7,59001,52.4,49.5,10534,32398,13066,38,9225,2.39,653,72.3,12688,12688,11352,4.8,31365,95100,1032,75399
"Portsmouth, OH Micro Area",58999,10.1,61321,,5703,22.2,37257,52.3,51.4,14293,29793,16420,44.2,9682,2.57,734,66.3,7997,7997,11040,31.9,20997,281800,598,72766
"Pottsville, PA Micro Area",113877,11.4,117900,,5718,10.1,48458,61.9,43.6,17531,66394,28172,36.9,14215,1.93,1323,75.7,22877,22877,21366,30.4,26787,99700,663,134864
"Prescott, AZ Metro Area",194700,18.9,198754,,11399,15,48148,53.8,52.3,36282,94588,37259,29.2,26935,2.41,2114,73.3,39002,39002,34899,4.6,29389,102300,864,230551
"Providence-Warwick, RI-MA Metro Area",1301331,9.8,1343034,,113722,15.3,65083,45.8,35.8,204167,857816,319593,33.9,239105,2.26,8817,61.5,257206,257206,125394,2.1,34960,261700,956,1599767
"Provo-Orem, UT Metro Area",421395,4.6,443358,,14976,5.5,75344,16.5,31.2,77783,304369,210520,35.5,52802,2.99,1613,69.7,90366,90366,31258,0.5,26703,288700,1057,629071
"Pueblo, CO Metro Area",130043,10.7,134639,,16874,26.1,48468,59.8,43.9,25944,75448,37450,40.9,22544,2.35,616,65.3,26487,26487,15923,12.2,24443,330100,775,164346
"Punta Gorda, FL Metro Area",162791,21.3,165477,,6324,11.7,52927,45.6,59.8,27305,66533,22172,34.7,12467,2.39,386,83.4,26460,26460,36048,10.3,30634,173200,1050,181635
"Quincy, IL-MO Micro Area",58657,9.9,60448,,4366,12.8,54948,69.8,34.1,7644,39834,17315,36.6,8421,2.13,933,72.2,12172,12172,9684,25.7,29934,206600,732,74614
"Racine, WI Metro Area",151234,9.6,157399,,9559,11.1,59759,52.6,36.7,22572,99668,45309,30.4,25822,2.35,568,66.4,32722,32722,18264,14.1,29897,130100,847,191419
"Raleigh, NC Metro Area",1034591,7.7,1071251,,34962,5.2,75165,8.5,30.7,151056,742289,327803,31,176354,2.43,5118,65.1,240423,240423,88077,5.1,38365,187300,1128,1353279
"Rapid City, SD Metro Area",113876,11.1,117383,,4605,7,59833,4.3,34.1,15353,75437,33190,36.1,17438,2.21,669,70.2,24269,24269,16802,7.7,32081,267600,804,143165
"Reading, PA Metro Area",326522,9.7,337231,,19177,10,62564,40.3,34.5,43962,220655,93232,35.1,44987,2.43,1995,71.3,73875,73875,38144,9.8,31493,199600,909,415511
"Redding, CA Metro Area",141456,11.9,145037,,10320,16.4,56280,54.3,47.6,32917,75948,38477,43.5,23796,2.56,1051,65.1,27406,27406,16996,3.2,28144,186000,1084,178552
"Reno, NV Metro Area",368904,10.4,380451,,20635,9.2,63466,32.5,33.2,52676,253143,102235,30.5,78428,2.26,1987,58.2,77060,77060,32236,2.3,35705,265000,1097,468079
"Richmond, IN Micro Area",51461,10.4,52822,,3070,11.5,44928,65.1,41.6,9095,30860,14335,41.2,9957,2.13,471,64.9,-999999999,-999999999,-999999999,41.1,24787,361800,652,64470
"Richmond, VA Metro Area",1021650,9.4,1054268,,39193,6.5,67703,21.5,34.4,153312,685949,281141,33.9,171199,2.47,6225,65.6,228858,228858,97359,4.5,35443,92000,1100,1281174
"Richmond-Berea, KY Micro Area",86714,8.9,88940,,8486,17.7,50333,32,38.8,17989,54303,22247,44.8,15212,2.4,1171,61.9,13846,13846,10850,15.4,25527,246100,739,107788
"Riverside-San Bernardino-Ontario, CA Metro Area",3433955,7.7,3570421,,360151,19,65671,54.1,39.1,676919,2159077,1186994,36.7,483970,3.33,12856,64.6,622688,622688,260092,2.9,27329,148000,1321,4557852
"Roanoke, VA Metro Area",251120,11.9,257572,,9100,6.8,55151,23.9,39.9,38879,154598,63297,26.9,41165,2.3,1156,67.5,49773,49773,35749,11.1,31659,360300,894,310072
"Roanoke Rapids, NC Micro Area",56185,12.4,58560,,1334,5.5,37027,28.3,50.3,12974,29076,14065,29.2,9956,2.5,1659,63.3,7727,7727,9435,38.2,21263,178300,695,68105
"Rochester, MN Metro Area",166388,9.2,172704,,11106,10.4,72129,46.4,30.2,16890,120502,53409,29.4,23806,1.96,1450,73.1,43029,43029,21809,6.2,38888,87400,920,217377
"Rochester, NY Metro Area",851007,10.2,875977,,65524,13.8,60190,46.8,37.9,138650,543734,219370,31.4,136951,2.1,2869,68.2,186552,186552,107179,17.7,32706,218000,894,1056022
"Rockford, IL Metro Area",258058,9.8,267367,,19399,13.1,55829,53.8,35,36963,173729,79446,31.9,41426,2.33,1322,68.9,57077,57077,34546,25.9,29503,148000,790,334125
"Rocky Mount, NC Metro Area",113889,11.4,117486,,6982,11.8,46733,35.5,38.9,19384,71785,32082,34.7,20011,2.36,1645,66,20777,20777,18056,26.3,27045,127100,760,144382
"Rome, GA Metro Area",75302,9.4,78167,,1924,5.3,38462,18.3,48.7,18106,40121,22555,38.5,13797,2.67,736,60.2,12430,12430,8445,31,23126,114000,707,95984
"Roseburg, OR Micro Area",88932,14.7,92283,,7564,18.5,47004,44.1,48.4,16157,47500,21319,36.1,13634,2.5,801,70.1,16287,16287,15726,3.5,24881,128200,839,109619
"Roswell, NM Micro Area",48205,9.1,50308,,7429,30.9,43941,53.5,45,10653,27679,16444,48.4,8296,2.54,-999999999,63.3,-999999999,-999999999,-999999999,25.3,21204,216400,783,63616
"Russellville, AR Micro Area",65916,9.1,68612,,4708,14.2,43886,19.3,45,16373,37677,19557,49.5,8325,2.86,961,71.6,11378,11378,9564,34,21289,118600,631,84626
"Sacramento--Roseville--Arden-Arcade, CA Metro Area",1809267,9.1,1868638,,154640,15.2,73142,47,38.3,329745,1150475,535552,33.1,328335,2.68,9739,60.7,359182,359182,147936,1.4,35194,109300,1332,2327208
"Saginaw, MI Metro Area",149952,10.9,154763,,15675,20.5,48990,56.7,43,27888,88200,40615,35.8,23216,2.21,1290,70.5,28678,28678,26846,28.6,28690,415700,747,187529
"Salisbury, MD-DE Metro Area",332411,14.5,342422,,27394,17.3,59214,52.1,43.8,54175,192204,77509,30.9,41901,2.63,3327,74,69117,69117,50287,6.4,31105,105800,1003,400821
"Salt Lake City, UT Metro Area",886763,6.6,922505,,23493,4,73730,20.7,29,131887,654463,335097,31.2,130931,2.67,3995,67.4,195216,195216,76095,0.9,33158,231800,1133,1215530
"San Angelo, TX Metro Area",90898,9.5,93439,,3503,7.3,51851,6.6,35.5,15201,56567,28301,31.9,16460,2.54,679,62.5,12718,12718,14760,20.4,27569,329200,855,113766
"San Antonio-New Braunfels, TX Metro Area",1882990,7.8,1955315,,76022,7.1,57379,19.6,36.7,358781,1221184,634271,37.9,310532,2.71,22295,62.3,302425,302425,210931,16.7,27969,154400,1002,2482269
"San Diego-Carlsbad, CA Metro Area",2620956,8.1,2695957,,218987,14.6,79079,39.7,34.1,428966,1697366,720719,32.5,530366,2.8,10649,53.1,425484,425484,175061,2,37841,182000,1668,3239327
"Sandusky, OH Micro Area",59471,12.3,61565,,4820,15.2,49751,31.4,39.5,9466,37224,15132,32.4,9238,1.97,-999999999,70.8,12505,12505,9932,23.4,30532,606200,779,73745
"San Francisco-Oakland-Hayward, CA Metro Area",3798163,9,3901974,,245478,10.4,107898,33.9,31.9,541266,2655792,929992,30.3,765074,2.55,20377,55,664616,664616,269288,0.7,56393,139700,1944,4702993
"San Germ\u00E1n, PR Metro Area",98197,13.3,100287,,9277,32.9,16737,76.6,64.6,33035,35460,null,null,12184,2.81,-999999999,69.9,8113,8113,20135,42.1,9581,910300,462,null
"San Jose-Sunnyvale-Santa Clara, CA Metro Area",1559469,7.5,1607885,,88743,9.1,124696,27.8,32.2,241431,1089586,439345,30,294146,2.86,6435,55.7,258549,258549,111175,0.7,57797,93700,2283,1988755
"San Juan-Carolina-Caguas, PR Metro Area",1649627,11,1702657,,168549,25.7,22757,65.1,52.2,426985,812020,null,null,245385,2.54,89530,67.3,217902,217902,286235,28.1,14209,1091100,526,null
"St. Cloud, MN Metro Area",152510,8.2,157181,,15085,15.6,60759,42.6,29.1,16504,111294,47264,32.5,24273,2.43,742,67.6,31417,31417,19247,6.6,30169,121700,810,198237
"St. George, UT Metro Area",126975,12.1,132037,,4132,6.8,56333,14.9,46.3,23858,70788,44506,34.8,17183,3.01,-999999999,71.3,26674,26674,16006,1.4,27952,191800,984,170207
"St. Joseph, MO-KS Metro Area",99371,9.8,102650,,3618,6.7,53321,12.8,40,15174,61058,27564,35.5,15418,2.36,1890,67.1,17003,17003,14395,27.2,26076,313000,736,120420
"St. Louis, MO-IL Metro Area",2183869,9.5,2254571,,86392,6.7,62790,25.6,34.6,323583,1469973,619874,33.7,359888,2.14,14913,68.4,504135,504135,273455,14.5,35569,131700,891,2769813
"Salem, OH Micro Area",81793,12.1,84414,,6356,15.4,43745,39.2,43.5,13869,47710,20841,34.6,11422,2.14,754,72.7,16294,16294,14168,30.6,24942,180700,603,99004
"Salem, OR Metro Area",326897,9.2,338174,,27940,15.3,57091,51.3,38.3,53761,208535,104875,35.5,60751,2.67,1279,59.7,59790,59790,30188,3.1,27250,102900,1006,425154
"Salinas, CA Metro Area",321491,7.9,333147,,29476,16.9,70681,38.9,38.7,59377,199548,113954,30.4,61503,3.46,2095,51.3,41730,41730,23066,2.4,30674,273400,1511,419413
"San Luis Obispo-Paso Robles-Arroyo Grande, CA Metro Area",234335,12.5,240351,,14913,12.7,71148,28.9,43.2,42996,134948,49562,30.8,41118,2.48,2875,61.3,43352,43352,21728,1.4,36924,563000,1430,277304
"Santa Cruz-Watsonville, CA Metro Area",221638,10.7,227759,,16396,13.7,86941,50.9,36.3,41242,144966,52546,27.1,37907,2.9,1162,60.1,38498,38498,18589,0.9,42131,593100,1685,272666
"Santa Fe, NM Metro Area",123175,15.6,126083,,10133,16.7,60193,38.1,42.1,20520,73028,26859,28.6,18075,2.34,1391,71.2,25277,25277,19355,2.7,37821,815100,1076,148890
"Santa Maria-Santa Barbara, CA Metro Area",347196,8.4,358433,,25338,13.2,77472,42.8,37,60078,223874,99259,28.8,69620,3.02,2582,52.4,49099,49099,27505,1.1,37172,296100,1653,439566
"Santa Rosa, CA Metro Area",401685,12,413471,,28160,12.2,81395,39,34,54109,272113,98023,30.5,72190,2.62,2489,61.5,76010,76010,39234,2.3,41985,629400,1655,495984
"Savannah, GA Metro Area",300694,8.7,310093,,12167,6.9,58178,16,33.5,46328,203111,88677,35.3,56498,2.5,3096,60.5,55858,55858,30553,10.1,32862,655200,1055,381513
"Scranton--Wilkes-Barre--Hazleton, PA Metro Area",444415,11.1,458257,,30770,12.9,54115,48.4,39.3,70555,277814,110852,33.7,74083,2.24,5810,67.5,80119,80119,73529,22.4,28480,205600,793,543792
"Searcy, AR Micro Area",60432,9,63038,,2523,8.9,42270,50.2,47,16393,33429,18258,42.3,10561,2.3,1839,64.3,10863,10863,8153,20.3,24056,140500,671,78323
"Seattle-Tacoma-Bellevue, WA Metro Area",3092686,8.2,3182183,,182314,9.4,87910,36.1,31.3,464596,2166765,845909,32.5,614200,2.31,15485,59.8,657956,657956,254054,1,46204,123300,1563,3894828
"Sebastian-Vero Beach, FL Metro Area",132196,17.3,133911,,4598,8.8,57508,4.5,51.5,21597,65006,24917,26.4,10101,2.71,-999999999,82.5,21070,21070,26465,9.1,37361,487400,939,156228
"Sebring, FL Metro Area",87028,16.5,89467,,3913,12.7,39796,56.8,56.6,13954,38836,18347,31,8675,3.18,-999999999,78.6,13614,13614,18284,30.3,25850,220800,794,104279
"Seneca, SC Micro Area",62788,14.5,64322,,2075,7.6,47132,15.3,50.8,14292,31660,15394,37.1,8419,2.39,800,73.4,10645,10645,12548,17.9,27246,105800,698,77830
"Sevierville, TN Micro Area",77718,12.1,80254,,5990,15.6,47411,13.9,42.1,15784,46460,20095,36,11469,2.75,-999999999,68.9,12482,12482,12910,9.7,23864,165800,804,97115
"Shawnee, OK Micro Area",55526,9.8,57492,,2346,8.3,48776,26,45.6,12206,31282,17075,53.8,8467,2.56,700,68.3,9271,9271,8976,24.8,23510,186800,741,70903
"Sheboygan, WI Metro Area",90274,10.4,93193,,3988,7.3,60896,37.7,34.4,10181,61098,25150,26,13106,2.12,263,71.7,19564,19564,13638,12.4,31211,126400,720,113179
"Shelby, NC Micro Area",75988,10.8,79201,,2089,5.8,40690,39.6,46.1,18403,42645,21641,25.9,11269,2.97,1190,67.4,10919,10919,12386,28,21160,167300,661,97402
"Shelton, WA Micro Area",52969,14.3,54199,,5636,23.2,58094,34.4,47.8,10638,28226,12533,33.8,6977,2.48,-999999999,73,11749,11749,7138,7.5,28050,125800,1055,64382
"Sherman-Denison, TX Metro Area",102645,10.5,106706,,3614,6.6,51158,20.5,39.1,18630,64880,31346,33.9,16167,2.57,819,67,14726,14726,18070,20,27017,230800,894,132750
"Show Low, AZ Micro Area",81102,11,83803,,8691,30,40463,55,55.1,22940,37593,29285,40.8,10030,3.2,1416,70.7,8428,8428,15827,21.1,18125,163100,682,108057
"Shreveport-Bossier City, LA Metro Area",331665,9.7,342831,,31284,18.1,41969,49.5,41.1,65895,198793,104608,36.3,65989,2.44,6099,61.5,56913,56913,48638,19.9,25108,124600,811,427363
"Sierra Vista-Douglas, AZ Metro Area",99523,12.7,102489,,11588,29.9,50495,37.8,51.1,20932,46200,27172,34.7,14049,2.41,1054,71.8,19396,19396,16306,19.2,26657,142600,787,118982
"Sioux City, IA-NE-SD Metro Area",125869,8.7,129527,,7624,9.9,61576,31,31.8,16204,88242,43401,32.4,20997,2.3,1005,68.2,25052,25052,19881,21.3,30725,142200,799,167752
"Sioux Falls, SD Metro Area",196951,8.2,203804,,7155,5.4,61196,34.3,25.5,19519,151285,68749,27.6,33829,2.12,1295,67,45759,45759,23062,6.4,31196,140400,816,262343
"Somerset, PA Micro Area",60858,12.3,62793,,3609,12.8,50988,44.5,46.3,9461,33719,13082,35.9,5992,1.93,1079,79.2,11161,11161,11643,30.1,27908,199500,601,68890
"South Bend-Mishawaka, IN-MI Metro Area",247305,9.7,255702,,11990,8.2,54715,39.4,34.8,37492,166714,75069,32.9,38750,2.21,1803,69.9,56144,56144,33684,24.5,29591,106500,790,319864
"Spartanburg, SC Metro Area",263110,9.9,271060,,9818,6.9,51853,22.9,38.5,45855,166557,78000,37.6,37318,2.48,3657,70.8,53560,53560,36774,18.7,26313,136200,776,336569
"Springfield, IL Metro Area",161896,10.7,167733,,12969,13.9,63521,53.5,35.5,21644,107933,45683,28.9,27712,2.14,1174,68.6,36163,36163,24426,22,34461,147800,830,205600
"Springfield, MA Metro Area",507055,9.8,522928,,51158,18.8,57857,55.3,40.2,101101,312374,124605,33.8,91567,2.28,4003,61.5,93415,93415,52598,3.4,31154,143400,929,625440
"Springfield, MO Metro Area",362333,9.5,373926,,11455,5.8,46905,16.7,40.4,69237,222379,105415,39.2,73200,2.1,3849,62,71671,71671,47642,16.8,26373,237600,746,461694
"Springfield, OH Metro Area",104464,11.1,108194,,9905,18,49875,61.6,39.7,16577,65167,30065,40.3,19269,2.37,1101,65.2,20015,20015,16043,26.9,26272,150100,713,132970
"State College, PA Metro Area",138278,7.9,140974,,4355,6.1,57333,22,43.2,33882,79939,24473,22.4,21542,2.3,869,63.2,21052,21052,15920,6,28362,119200,902,157316
"Statesboro, GA Micro Area",62356,6.7,63454,,2150,7,44179,28,41.2,15775,37314,14933,33.3,13655,2.55,1580,49.6,-999999999,-999999999,-999999999,18.4,21432,234700,779,76484
"Staunton-Waynesboro, VA Metro Area",98232,12.1,100719,,4168,8.1,52625,9.1,41.1,12557,59136,24722,33,15916,2.17,1110,68.2,21061,21061,13068,4.8,27725,146700,869,117366
"Stevens Point, WI Micro Area",57013,9.6,58599,,2317,6.8,57452,18.1,34.9,8480,38056,13919,32.9,9071,1.98,-999999999,68.9,12564,12564,7558,8.3,30300,209100,771,70589
"Stillwater, OK Micro Area",65832,8,67411,,1458,4.5,48031,22.3,42.7,15968,38285,16208,33.1,13953,2.38,891,54.6,8560,8560,8221,13.4,25941,178700,830,80262
"Stockton-Lodi, CA Metro Area",548344,7.5,571146,,63044,20.6,64119,54.4,39.1,109698,347358,204078,38.9,105439,3.21,4117,54.5,88453,88453,38025,1.8,27217,162900,1243,741862
"Sumter, SC Metro Area",81368,9.6,84264,,6641,16.2,45994,42.6,40.9,14791,47487,25116,38.8,15206,2.51,1503,62.4,14435,14435,10755,29.7,22602,366000,804,102056
"Sunbury, PA Micro Area",73283,12,75526,,3701,9.8,47160,62.5,41.3,10326,44297,17711,35.5,11628,2.05,1174,70,13897,13897,13291,22.5,26722,113700,639,87315
"Spokane-Spokane Valley, WA Metro Area",447347,10.4,461098,,45677,18.7,58546,53,39.6,80916,275375,125935,37.8,80536,2.21,2715,64.8,97197,97197,51285,4.5,30712,119400,908,563814
"Syracuse, NY Metro Area",514578,9.8,532143,,38413,13.7,58715,48.9,38.5,92028,326030,135748,31.8,82115,2.19,3227,68.1,107542,107542,67786,21.6,32063,239000,829,644098
"Talladega-Sylacauga, AL Micro Area",74160,11.2,76654,,3097,9.1,42026,11.8,48,16346,39758,18225,43.3,10418,2.26,1203,70.5,12476,12476,12455,27.8,25604,140000,637,89332
"Tallahassee, FL Metro Area",314152,9.2,321896,,12757,7.4,50682,26.1,38.3,56882,198612,73172,35.4,59846,2.45,3913,59.1,50849,50849,35656,14.4,28713,110700,937,376838
"Tampa-St. Petersburg-Clearwater, FL Metro Area",2516526,11.1,2590482,,105874,7.9,54912,26.2,40.3,423151,1540656,624781,34.3,432831,2.45,14297,64.7,457995,457995,336499,10.7,31831,182700,1128,3112216
"Terre Haute, IN Metro Area",133240,9.8,136985,,8038,11.4,50256,40.7,39.8,22447,82347,35133,36.9,22917,2.2,1488,66.2,27024,27024,17806,34.6,25617,210000,724,161896
"Texarkana, TX-AR Metro Area",114798,9.8,118421,,4714,8.7,45212,34.2,47.8,24924,61759,36787,33.2,20702,2.46,1966,63.4,16332,16332,19576,30,25810,99700,729,144466
"The Villages, FL Metro Area",119497,32.7,120634,,1378,6.2,53895,34.5,74.9,14200,30288,9257,24.2,7883,2.04,-999999999,87.5,20043,20043,34928,6,33441,110900,912,119539
"Toledo, OH Metro Area",468000,9.6,482530,,35075,13.3,51321,39.3,36.6,80132,305475,134728,34.4,92477,2.23,3012,62.4,94738,94738,58437,22.8,29222,255200,744,596678
"Topeka, KS Metro Area",177740,11,184137,,8381,8.4,54618,18.8,37.8,25390,114149,54449,34.2,30434,2.16,1415,68.1,38945,38945,25985,22.5,30874,130500,825,228460
"Torrington, CT Micro Area",148104,12.3,152876,,11924,13.9,76043,33.6,34.3,18448,100397,32978,27.1,16410,2.15,1146,77.7,36045,36045,21143,2.5,43008,138400,1012,179743
"Traverse City, MI Micro Area",120599,13.3,124254,,7261,11.3,62207,45.1,39.3,17314,75001,29282,31.1,12027,2.31,-999999999,79.5,26960,26960,19753,7,32654,256100,924,148401
"Trenton, NJ Metro Area",291116,8.8,300103,,14087,8.3,80632,23.5,34.3,46444,197131,78678,23.7,49761,2.54,1790,62.6,53750,53750,29469,7.3,42302,211100,1264,365196
"Twin Falls, ID Metro Area",78955,8.4,83124,,2559,5.5,52292,8.1,37.5,13061,51956,30293,33.1,12524,2.61,1515,68.8,18259,18259,9347,12.4,25583,289700,774,108377
"Truckee-Grass Valley, CA Micro Area",82617,17.5,84536,,8170,21.4,66299,24.1,45.2,13986,46073,17003,29.9,10736,2.2,-999999999,74.1,18855,18855,11856,2.8,37645,182200,1256,98472
"Tucson, AZ Metro Area",822779,11.3,847376,,67072,16.1,53464,50.1,42.4,142206,481650,215561,33.9,151689,2.41,7382,62.3,150794,150794,99840,8.4,29410,456000,887,1017187
"Tullahoma-Manchester, TN Micro Area",81227,10.6,83671,,3749,8.7,49370,41.3,42.4,15364,48027,23183,39.4,11844,2.62,1287,70.9,15591,15591,13221,20.8,26898,198100,744,103354
"Tulsa, OK Metro Area",749124,9.2,775542,,26563,6.2,55633,19.7,36.8,129715,489812,244563,36.4,133682,2.43,7028,65,144181,144181,103725,17.5,30347,151900,839,984265
"Tupelo, MS Micro Area",106319,8.5,109542,,2467,4.4,49206,30,41.6,22839,63781,34086,39.8,14840,2.65,1537,70.6,18717,18717,16978,21.8,24686,154600,749,139034
"Tuscaloosa, AL Metro Area",193253,8.7,199699,,6129,5.9,50939,28.6,40.7,38745,118164,51582,36.5,31315,2.46,2615,64.3,33712,33712,22570,14.8,26239,121400,831,241483
"Tyler, TX Metro Area",173662,9.4,179671,,4099,4.3,58226,15.5,38.3,30892,110572,56361,33,25458,2.65,921,67.1,26746,26746,25126,14.8,29069,163800,954,227757
"Ukiah, CA Micro Area",69071,14.1,71461,,8475,25.5,51830,44,41.6,12040,41461,18510,28.7,14142,2.62,1306,58.2,11323,11323,8329,4,26939,168300,1100,86511
"Valdosta, GA Metro Area",112952,7.8,116534,,2733,5.1,35186,34.4,45.6,29390,60696,32562,33.5,25015,2.62,1368,53.4,16292,16292,12373,22.8,21983,381900,757,139932
"Vallejo-Fairfield, CA Metro Area",347379,9.6,357799,,26001,13.2,84395,36.3,35.8,53437,226696,99109,34.2,56434,2.74,1613,62.9,74075,74075,21782,1.7,35820,136900,1633,434732
"Urban Honolulu, HI Metro Area",772173,9.6,792616,,40379,9.5,84423,38.6,33,102239,491062,207701,31.7,137431,2.81,7075,55.4,113475,113475,57302,0.8,35958,442700,1726,932332
"Utica-Rome, NY Metro Area",230269,10.4,236731,,21711,18.2,55286,47.4,42,39706,136484,60915,31.9,36881,2.14,3167,67.3,42494,42494,33425,28.6,28117,701200,744,282467
"Washington-Arlington-Alexandria, DC-VA-MD-WV Metro Area",4816925,7.8,4975028,,231010,7.4,102180,31.8,28.1,605293,3533654,1433154,29.1,814784,2.52,19516,63.5,1090612,1090612,329163,1,49436,129800,1670,6176339
"Waterloo-Cedar Falls, IA Metro Area",132334,9.4,136796,,10564,13.2,56245,58.5,32.5,16604,91903,37205,31,20933,2.26,913,69.4,28900,28900,18551,17.3,29867,433200,766,167611
"Victoria, TX Metro Area",73714,9,75935,,3590,9.1,51683,19.4,39.6,13074,45843,25203,45.1,10947,2.56,-999999999,68.5,12020,12020,11763,20.1,27670,150300,874,97994
"Vineland-Bridgeton, NJ Metro Area",115668,9.1,119757,,9291,16.6,52795,53.9,45.4,19792,65251,35218,35.8,16264,2.83,-999999999,67.5,19731,19731,14039,8.9,25040,146200,1054,139670
"Virginia Beach-Norfolk-Newport News, VA-NC Metro Area",1349582,8.7,1388930,,62454,8.5,65604,23.4,33.7,210085,840492,379003,33.9,257608,2.42,8392,60.6,287618,287618,109249,3.7,33833,166900,1146,1632902
"Visalia-Porterville, CA Metro Area",322871,6.7,339624,,50089,29.1,48817,70.6,40,68725,203251,142801,40.8,57335,3.38,2927,58.8,57468,57468,24394,6.6,22606,254700,905,461439
"Kalamazoo-Portage, MI Metro Area",265746,9.5,274284,,19938,12.8,56016,49.5,34.4,41379,179624,74344,30.5,43257,2.19,1555,67.4,55104,55104,34480,16.6,29950,220700,799,337484
"Kapaa, HI Micro Area",56453,12.3,58085,,3748,11.5,80921,28.3,35.5,7011,37455,15680,30.1,9247,3.16,-999999999,59.2,7789,7789,5649,0.6,32909,160100,1346,71458
"Kalispell, MT Micro Area",79630,12.4,82687,,7695,17.3,53193,60.6,38.4,12836,50938,22410,28.8,10709,2.23,-999999999,72.1,16683,16683,10980,3.9,32619,627800,937,101481
"Kankakee, IL Metro Area",84829,9.4,87441,,6407,13.7,51404,39.4,40.1,15483,52415,25038,39.2,13353,2.54,495,67.1,16636,16636,10653,15.6,26342,320400,864,108094
"Kansas City, MO-KS Metro Area",1622968,8.8,1683577,,54269,5.4,65768,14.2,32.2,230326,1138346,518489,34.2,292182,2.23,11839,65,356874,356874,186036,11.3,35354,147300,968,2118268
"Keene, NH Micro Area",62858,11.8,64295,,3979,11.3,59186,31.7,35.1,9336,41711,13635,30.9,9345,1.99,-999999999,69.1,12047,12047,8816,5.9,34460,196000,900,75709
"Kennewick-Richland, WA Metro Area",211306,8.1,219810,,17752,14.6,64908,39.9,37.1,36752,138110,84884,39.4,32496,2.91,1713,67.2,44605,44605,21887,4.2,30391,192700,948,293073
"Key West, FL Micro Area",63784,14.5,65257,,1789,5.2,71973,22.8,36.8,8701,40529,11243,20.1,11279,2.37,-999999999,64,9005,9005,11078,2.3,50988,248600,1691,73287
"Killeen-Temple, TX Metro Area",331039,6.8,344042,,20014,12.2,53686,30.4,37.4,64720,193210,120586,38.4,66702,2.69,2231,56.2,52495,52495,32963,19.9,24575,541900,894,416592
"Kingsport-Bristol-Bristol, TN-VA Metro Area",247812,12.7,254161,,14232,12.6,41957,32.7,47.9,53401,132268,58680,45.9,33470,2.32,4053,73.4,46794,46794,45504,21.9,26194,149200,625,302520
"Kingston, NY Metro Area",147288,11.4,151260,,11909,14.9,63889,51.4,38.6,23143,92896,31122,31.9,22663,2.29,1605,67.2,25958,25958,20533,4.3,35400,134900,1163,174251
"Klamath Falls, OR Micro Area",52667,13.3,53848,,4628,20.6,45354,33.3,47.3,11466,27910,14954,36.2,9732,2.47,276,63.7,8858,8858,8208,12.4,23892,243700,758,66930
"Knoxville, TN Metro Area",700171,10.8,722018,,33404,8.9,53523,34.8,39.9,125332,433391,182261,34,107919,2.33,7698,68.7,132554,132554,104184,14.1,30014,169500,816,872052
"Kokomo, IN Metro Area",63734,10.9,65655,,3814,10.9,55868,47.5,39.8,9907,39444,18567,34.9,11267,1.96,-999999999,67.9,14437,14437,9435,27.7,29033,175700,693,81200
"La Crosse-Onalaska, WI-MN Metro Area",109528,9.5,112374,,5536,8.3,60402,20.4,32.8,14517,75335,27277,36.8,20281,2.08,534,63.9,20646,20646,15230,7.6,33522,122900,858,135182
"Lafayette, LA Metro Area",369074,8.5,381876,,31334,15.5,50825,58.6,38.9,73416,233249,120230,37.8,57686,2.48,7137,68.7,64791,64791,61880,14.9,27022,185500,797,485025
"Lafayette-West Lafayette, IN Metro Area",175589,7.4,181588,,7343,7.3,50799,39.3,37,36140,114267,47000,38.2,35477,2.3,1438,56.7,31204,31204,15203,20.1,26480,163500,833,220696
"LaGrange, GA Micro Area",52872,8.6,54813,,1184,4.1,44260,32.6,41.7,11214,31965,17092,36.9,10800,2.48,-999999999,57.5,-999999999,-999999999,-999999999,22.4,24448,152400,860,68742
"Lake Charles, LA Metro Area",158193,9.1,163760,,13394,15.4,49072,43.7,41,32913,96566,51293,41.6,26862,2.34,1679,66.6,27156,27156,26367,18,27820,138200,824,207578
"Lake City, FL Micro Area",55190,10.5,56678,,2641,10.5,48848,20.7,47.2,9475,29931,15300,43.4,6613,2.82,-999999999,74.2,10194,10194,8871,25.8,26521,161800,850,65845
"Lake Havasu City-Kingman, AZ Metro Area",173941,17.7,177746,,17077,26.4,46060,72.2,54.7,34746,80596,35574,36.3,26616,2.39,3490,70.5,37124,37124,26530,14.5,25450,124100,798,206088
"Lakeland-Winter Haven, FL Metro Area",551523,11.5,570169,,25672,9.2,51670,30.3,43.8,99502,319569,156111,35.6,73224,3.07,3539,69.6,86068,86068,81879,14.7,24985,189300,961,699842
"Lancaster, PA Metro Area",415846,9.8,430023,,22741,9.4,66277,36.7,34.4,57387,282167,127505,30.4,66038,2.27,2503,67.4,86190,86190,50262,5.2,32676,161300,975,537703
"Lansing-East Lansing, MI Metro Area",383248,9.3,395591,,28279,12.9,59494,42.9,36.5,66628,250705,98465,33.8,65471,2.25,2524,65,78435,78435,42926,17.9,31008,220500,863,478611
"Laredo, TX Metro Area",185251,5.4,195021,,4651,4.5,46862,12.5,40.3,42771,116423,90583,45.4,29464,3.38,2085,60.9,23340,23340,22496,26,17857,158800,857,273632
"Las Cruces, NM Metro Area",165291,9.1,170868,,23427,28.8,35262,73.5,44.7,36820,94077,52093,38.5,31765,2.5,2234,60.5,24828,24828,23816,18.2,22037,122300,678,214569
"Las Vegas-Henderson-Paradise, NV Metro Area",1714018,9,1770261,,108586,11,57076,40.8,36.1,293615,1124165,517020,34,370321,2.61,7540,54.2,303891,303891,134393,2.5,30754,144400,1130,2207851
"Laurel, MS Micro Area",62607,11.2,65066,,1476,4.7,44439,0,45,13227,35765,19129,40,7200,2.32,-999999999,76.8,8200,8200,15692,23.9,23554,286600,687,80900
"Lawrence, KS Metro Area",99702,7.3,101645,,3568,5.6,54668,17.4,29,14263,72044,21668,28.2,23008,2.11,-999999999,53,17922,17922,7977,6.7,30466,109900,968,120668
"Lawton, OK Metro Area",96362,7.5,99063,,6615,15,52034,13.3,39.4,19510,50387,29193,48.5,19420,2.55,1159,56.5,14884,14884,10307,30.7,25177,208100,803,111861
"Lebanon, PA Metro Area",109173,10.7,113314,,6785,10.8,61362,56.6,35.5,13890,73002,32095,28.7,16007,2.41,630,70.6,22861,22861,15654,14.7,28814,114500,907,139664
"Lewiston, ID-WA Metro Area",48904,12.5,50348,,2985,12.6,51330,44.8,43.9,8103,28269,14028,34.1,6855,2.25,286,72.9,11067,11067,7345,5.7,26962,178000,757,62224
"Lewiston-Auburn, ME Metro Area",85422,10.6,87765,,3927,8,49697,39.9,34.9,12766,57101,22237,34.1,17309,2.02,694,61.4,17506,17506,10082,11.6,27378,203500,774,106462
"Lexington-Fayette, KY Metro Area",403751,8.4,415015,,30156,12.4,56784,45.6,32.9,65395,278441,112867,34.3,81546,2.37,3675,60.1,81857,81857,41017,10.7,32806,158900,885,510862
"Lima, OH Metro Area",79580,9.8,82411,,6001,13.4,49063,43.1,37.6,11017,51388,23046,37.5,14401,2.38,497,65,16541,16541,10262,30.1,25833,189600,691,100169
"Lincoln, NE Metro Area",258130,8.4,265809,,10814,6.5,58506,21.3,28,30417,191136,75693,33,52352,2.1,1290,60.5,51781,51781,28488,8,30746,118600,840,329626
"Little Rock-North Little Rock-Conway, AR Metro Area",567812,9.4,586149,,38870,12.1,52102,38.9,37.8,103143,361729,173476,39.8,99308,2.36,4548,65.1,115097,115097,69978,17.1,30768,182000,821,731496
"Logan, UT-ID Metro Area",98205,5.7,103060,,3115,4.9,59414,16,30.8,15507,71279,43186,26.1,15277,3.1,462,64.8,18100,18100,10046,2.7,22454,156600,799,140615
"London, KY Micro Area",96727,9.5,100420,,9193,21,38753,59.8,50.5,27379,49727,31406,44.9,15518,2.73,3065,65.9,14280,14280,15703,23,19208,255900,597,126519
"Longview, TX Metro Area",165670,9.5,172700,,4456,5.2,51296,13.5,41.2,29224,101630,53721,40.5,25308,2.39,2626,66.9,25853,25853,25255,20.9,25734,113000,817,212012
"Longview, WA Metro Area",83594,11.6,86221,,6474,15.1,59225,35.8,41.3,15132,50551,25371,37.6,13875,2.31,772,67.9,18009,18009,11395,3.3,31054,137600,803,107980
"Los Angeles-Long Beach-Anaheim, CA Metro Area",10403807,7.9,10733285,,1007912,16.3,72563,41.3,34.9,1814598,6981414,2883750,33.1,2255530,2.87,55325,48.2,1479847,1479847,618925,1.4,35938,244000,1565,13203405
"Louisville\/Jefferson County, KY-IN Metro Area",1008235,9.6,1041495,,72592,12.4,57405,48.3,35.2,159675,673771,287839,36.4,168200,2.32,8544,66.9,220589,220589,118678,12.1,32095,650300,850,1280108
"Lubbock, TX Metro Area",243002,7.1,250454,,7737,5.3,49974,21,35.2,44031,162176,76626,40.5,52004,2.35,2237,56.7,36702,36702,31419,20.9,27398,178500,908,315841
"Lufkin, TX Micro Area",64991,9,67221,,2885,8.7,47519,18.5,44.5,14027,37309,22089,50.6,10461,2.73,-999999999,65,8190,8190,11247,30.2,21390,146300,849,85137
"Lumberton, NC Micro Area",99059,9.4,103123,,4283,9.2,35037,41.8,49.8,26794,51658,32682,43.9,16336,2.7,2725,64.5,11311,11311,18379,37.4,17801,109300,627,130173
"Lynchburg, VA Metro Area",213260,10.6,219117,,7287,6.5,51143,25,41.4,39665,128386,52040,35,31675,2.41,2913,69.3,40669,40669,30932,14.2,27061,78900,788,262609
"Macon-Bibb County, GA Metro Area",172740,10.1,179700,,7243,8.5,42615,19.7,43.6,37612,101202,53666,35.3,34631,2.39,1898,59.1,28048,28048,22026,26.3,23834,172200,780,221525
"Madera, CA Metro Area",114549,8.6,119395,,14717,27.4,56305,67.3,44,21070,66874,43043,36,16065,3.96,-999999999,63.9,18622,18622,9797,1.8,21901,126900,947,149321
"Madison, WI Metro Area",523662,8.8,539502,,19848,5.7,70463,28.7,28.8,60889,382560,136709,25.7,107519,2.09,2394,61,116232,116232,51843,3,39311,273500,1063,654015
"Manchester-Nashua, NH Metro Area",330266,9.2,340143,,15907,7.7,78978,25.7,30,43363,237756,84841,32.2,54743,2.22,930,66.1,73344,73344,33562,1.8,41289,258700,1165,411090
"Manhattan, KS Metro Area",78546,6.5,80654,,3389,7.6,49200,28.2,29,12628,51628,19434,23.2,17837,2.4,647,50.3,11585,11585,6490,4.6,26387,283500,862,91639
"Manitowoc, WI Micro Area",63009,11.2,64781,,2802,7.7,54393,31.4,38.1,9441,40016,16065,27.7,9029,1.98,486,74.4,15068,15068,11162,30.6,29715,212800,616,78636
"Mankato-North Mankato, MN Metro Area",81298,8.2,82972,,6589,12.2,60255,32.5,27.7,8525,59955,20316,35.9,13007,2.2,662,66.9,15787,15787,10469,5.5,30121,129900,843,100765
"Mansfield, OH Metro Area",95254,10.4,98254,,6398,13.6,49564,61.9,45.7,15666,53222,25721,34.3,16045,2.17,710,66.6,18345,18345,13715,31.8,24927,191400,656,114646
"Marinette, WI-MI Micro Area",51569,13.4,53052,,3232,12,48215,56.9,42.1,7750,30699,11848,35.1,6249,1.98,750,78.5,11549,11549,11312,32.5,27807,114600,653,62659
"Marion, IN Micro Area",52329,10.1,54145,,3656,14.1,44839,25.1,42.5,10476,31154,13602,42,6976,2.08,-999999999,74.1,10817,10817,9130,38.7,22298,109900,651,65049
,,,,,,,,,,,,,,,,,,,,,,,84500,,