CITY,TOTAL POPULATION,TOTAL POPULATION under 18,Total Population of 18+,%Total population 65-74,Total Civilian Non-institulionized Population,Per Capita Income ,Median Household Income,CIVILIAN labor Force,% 16+ Yrs not in labor force,Percetage of Labor force with Public Health Insurance,Employed health insurance coverage ages 19-64,Percent of population Employed health insurance coverage ages 19-64,Renter Occupied Housing Units,Average Household size Renter Occupied Housing Units,Median Rent for Occupied Housing Units,Percent Owner Occupied Housing Units,Estimate of Owner Occupied Housing Units with a Mortgage,Estimate of Owner Occupied Housing Units without a Mortgage,Owner-occupied units!!Median (dollars),,,
NAME,,"
DP05_0019E",DP05_0025E,DP05_0015PE,DP02_0070PE,DP03_0088E,DP03_0062E,DP03_0008PE,DP03_0007PE,DP03_0112PE,DP03_0107E,DP03_0107PE,DP04_0047E,DP04_0049E,DP04_0134E,DP04_0046PE,DP04_0091E,DP04_0092E,DP04_0089E,,,
CATEGORY,"Social, Political",Social,"Political, Social","Political, Social",Social,"Social, Economic",Economic,Economic,Economic,"Economic, Environment","Economic, Environment","Economic, Environment","Social, Economic","Social, Economic","Social, Economic","Social, Economic","Economic, Social","Economic, Social","Social, Economic","Social, Political","Social, Environment",Social
"Houston-The Woodlands-Sugar Land, TX Metro Area",6997384,1856855,5140529,7.1,6939766,32996,65394,3546993,33.5,14.3,167282,5.3,936531,2.68,1094,60.3,856980,565755,,,,
"Huntington-Ashland, WV-KY-OH Metro Area",352823,73847,278976,11.4,347970,25801,45535,146529,48.9,47.5,19166,15.2,37022,2.3,732,72.9,49912,49835,204700,,,
"Huntsville, AL Metro Area",462693,102489,360204,8.9,454395,34224,63765,230430,38,23.6,12337,6.1,60054,2.14,834,67.5,82222,42780,124100,,,
"Huntsville, TX Micro Area",84993,12481,72512,9.5,69434,19169,40500,29319,60.2,25,972,3.6,11666,2.25,912,57.9,7313,8756,187000,,,
"Hutchinson, KS Micro Area",62342,13886,48456,10.4,59866,26457,48837,31159,37.6,3.7,1467,5.6,7852,1.97,703,68.9,9714,7690,143700,,,
"Idaho Falls, ID Metro Area",149051,46869,102182,7.6,148188,27496,58880,67481,36.8,32.8,2609,4.4,15215,2.45,805,69.8,22717,12422,107800,,,
"Indiana, PA Micro Area",84501,14818,69683,10.9,83204,25145,49448,38721,45.6,20.8,4051,11.9,9782,2.25,679,70.4,11131,12185,205400,,,
"Indianapolis-Carmel-Anderson, IN Metro Area",2048428,505065,1543363,8.2,2021966,32723,61022,1072532,32.8,31.7,80707,8.5,276374,2.31,907,64.7,358277,148694,122100,,,
"Jonesboro, AR Metro Area",132532,32879,99653,8.8,131303,24223,43927,61960,39.9,34.1,7351,13.7,22375,2.4,725,57.2,16643,13317,169200,,,
"Joplin, MO Metro Area",178902,43561,135341,9.3,177471,26957,47012,86420,38.3,23.5,6375,8.5,24766,2.41,753,65.2,27108,19271,131700,,,
"Kahului-Wailuku-Lahaina, HI Metro Area",167295,36038,131257,11.2,165062,35376,82917,88105,34,43.9,7078,9.3,19098,2.87,1667,63.9,23222,10531,126100,,,
"Ithaca, NY Metro Area",102793,15467,87326,8.4,101951,32370,57276,54812,38.5,53.5,6667,14,17774,1.95,1153,55.8,13512,8964,629500,,,
"Jackson, MI Metro Area",158823,33802,125021,10.7,151133,26940,51031,72181,44.2,46.9,10044,16.3,17231,2.31,805,72.5,26271,19096,215800,,,
"Jackson, MS Metro Area",583080,137685,445395,8.8,568119,27706,55700,287746,37.6,19,15407,6.2,67755,2.59,873,67.8,82562,59849,137300,,,
"Jackson, TN Metro Area",129209,29085,100124,10.3,127252,27135,45610,60564,41.4,38.3,5488,10.6,18858,2.31,761,62.7,16869,14821,151400,,,
"Jacksonville, FL Metro Area",1534701,343953,1190748,9.8,1507734,33478,60238,769560,36.3,26.6,62529,9.3,210111,2.49,1082,63.5,242246,123066,124300,,,
"Jacksonville, NC Metro Area",197683,48419,149264,5.3,160301,23647,50639,73232,28,26.2,9108,14.5,31017,2.58,995,53.6,-999999999,-999999999,217200,,,
"Jamestown-Dunkirk-Fredonia, NY Micro Area",127939,25570,102369,11.2,125546,25964,45479,60845,42.4,56.4,10928,20.8,16269,1.99,646,69.6,20182,16978,154900,,,
"Janesville-Beloit, WI Metro Area",163129,37426,125703,9.7,161937,28654,57037,87619,32.8,55.3,9403,12.6,22124,2.34,832,65.8,27824,14684,86700,,,
"Jefferson, GA Micro Area",70422,17896,52526,8.5,69795,28965,73150,36141,34.8,47.1,2203,6.8,4242,2.63,770,82.1,13147,6251,151400,,,
"Jefferson City, MO Metro Area",150243,32597,117646,9.8,142263,28572,60281,74678,38.6,11,3509,5.3,16491,2.12,636,71.1,23474,17088,203800,,,
"Johnson City, TN Metro Area",203921,38390,165531,11.2,200754,27441,45839,94870,44.2,28.4,8633,10.3,30053,2.17,702,64.8,27472,27905,160900,,,
"Johnstown, PA Metro Area",131730,25226,106504,12.3,128466,25124,45084,61589,43.7,54,9395,17.5,14562,1.88,620,74.2,18369,23552,158600,,,
"Aberdeen, WA Micro Area",73901,15099,58802,13.7,70718,24965,48255,27376,55,31.5,4609,19.4,8832,1.95,730,68.1,10648,8194,94600,,,
"Abilene, TX Metro Area",174006,41347,132659,7.9,161797,24853,48021,78253,39.8,10.1,5244,7.7,23049,2.55,939,62.5,17287,21191,193300,,,
"Adrian, MI Micro Area",98266,20655,77611,11.1,95104,27702,55378,46330,41.8,53.8,6659,16.4,9196,2.22,783,76,18050,11142,119500,,,
"Aguadilla-Isabela, PR Metro Area",292919,52266,240653,12.3,null,10911,17064,95378,61.7,83.4,34284,43.3,40810,2.53,422,62.7,19524,49197,141800,,,
"Akron, OH Metro Area",704845,142730,562115,10.4,697932,33386,60019,381800,34.2,41.1,40325,12.4,92008,2.13,807,67.9,127273,67763,95000,,,
"Alamogordo, NM Micro Area",66781,15459,51322,9.7,61217,21688,42591,24507,49.5,72.9,6582,31.6,7966,2.51,866,66.5,-999999999,-999999999,155500,,,
"Albany, GA Metro Area",151158,36012,115146,9.3,147360,23139,44896,68166,42,33.9,3968,6.8,26535,2.72,770,52.9,17299,12514,113100,,,
"Albany, OR Metro Area",127335,27940,99395,11.5,126588,26684,54113,59557,41.9,35.1,8232,16.2,17603,2.5,998,63.7,19353,11508,111900,,,
"Albany-Schenectady-Troy, NY Metro Area",883169,172542,710627,10.1,872629,37087,71301,472378,35.2,47.8,47139,11.5,129566,2.07,998,63.4,143347,80833,254300,,,
"Albertville, AL Micro Area",96109,23959,72150,9.7,95233,24988,47528,42425,43.1,44.2,1891,5.1,10478,2.76,645,70.9,14061,11483,217200,,,
"Albuquerque, NM Metro Area",916791,202410,714381,10.2,906777,29118,51134,441846,39.7,51.4,67983,17.6,127338,2.34,886,64.5,143451,87704,136200,,,
"Alexandria, LA Metro Area",153044,36786,116258,9.5,147175,24033,47391,65480,45.1,57.4,9696,17.3,20332,2.74,803,63.1,17201,17594,201400,,,
"Allentown-Bethlehem-Easton, PA-NJ Metro Area",842913,177160,665753,10.1,833543,33773,65929,437141,36.3,36.3,38916,10.3,98674,2.4,1063,69.2,143095,78732,143300,,,
"Altoona, PA Metro Area",122492,24260,98232,11.6,121010,27847,49942,61429,39.5,82.8,9413,17.7,14279,2.11,722,72.1,20032,16785,218900,,,
"Amarillo, TX Metro Area",268356,68671,199685,7.8,260409,28354,53087,135034,34.6,1.8,6342,5.3,35528,2.35,833,63.9,36168,26822,128500,,,
"Ames, IA Metro Area",98105,16321,81784,6.7,97517,27266,54586,55114,34.2,18.4,3413,7.2,16706,2.13,871,55.2,11789,8795,148200,,,
"Anchorage, AK Metro Area",399148,100199,298949,7.7,385832,36952,81037,199595,32.7,45.2,26685,15.4,44722,2.53,1210,67.5,63069,29692,191300,,,
"Ann Arbor, MI Metro Area",370963,68935,302028,8.5,367336,41297,71860,200008,35.7,35.5,14764,8.5,55839,2.22,1116,61,57220,30013,299500,,,
"Anniston-Oxford-Jacksonville, AL Metro Area",114277,24484,89793,10.7,112854,24493,45818,53745,42.1,44.7,3572,7.8,13228,2.4,743,70.1,17306,13730,280500,,,
"Appleton, WI Metro Area",237524,55810,181714,8.5,236083,32810,65826,130036,30.8,48.8,7370,6.3,24606,2.05,786,74,45464,24740,121800,,,
"Arecibo, PR Metro Area",174271,32008,142263,11.4,null,10792,17347,57980,60.3,72.5,20547,42.3,19867,2.55,451,69,14733,29493,181500,,,
"Asheville, NC Metro Area",459585,84500,375085,12.9,453779,32748,52410,232701,39.4,10,12317,6.1,60974,2.17,871,68.2,73215,57700,94800,,,
"Ashtabula, OH Micro Area",97493,21423,76070,11.1,94643,23817,46349,44575,43.3,19.9,4846,13.2,9046,2.23,682,74.5,14274,12125,234700,,,
"Athens, OH Micro Area",65818,9575,56243,8,65024,19920,36944,31761,44.4,30.8,2402,8.9,9768,2.49,769,56.7,5823,6942,112700,,,
"Athens, TX Micro Area",82299,17675,64624,12.5,81261,25342,42020,31763,52.2,22.3,1935,7.6,7443,3.07,750,75.9,8526,14874,118400,,,
"Athens-Clarke County, GA Metro Area",211802,42800,169002,7.9,210402,27802,51503,106229,38.9,19,5586,6,34836,2.3,840,56.4,27332,17777,106300,,,
"Atlanta-Sandy Springs-Roswell, GA Metro Area",5950828,1450740,4500088,7.7,5904596,35539,69464,3134908,32.9,18.5,144236,5.1,769417,2.58,1169,64,988411,379452,200500,,,
"Auburn, NY Micro Area",77145,15264,61881,10.7,73546,29116,52376,35566,44.2,47.3,3713,12,8969,2.31,767,70.2,11625,9489,233700,,,
"Atlantic City-Hammonton, NJ Metro Area",265429,56422,209007,10.3,262891,32590,61212,140106,35.1,52.5,14224,12,30122,2.5,1063,68.9,44250,22609,137500,,,
"Auburn-Opelika, AL Metro Area",163941,34795,129146,8.1,162283,27874,46456,78040,40.5,36.1,5451,7.9,22838,2.34,805,61.5,23019,13479,219300,,,
"Augusta-Richmond County, GA-SC Metro Area",605903,139778,466125,9.8,588902,27531,52696,283739,39.7,24.5,27222,11,69757,2.69,859,67.4,86321,58029,182700,,,
"Augusta-Waterville, ME Micro Area",122083,23001,99082,12,120551,30540,51653,63633,37.7,23.7,6317,11.4,15414,1.83,728,71.6,23679,15206,154000,,,
"Austin-Round Rock, TX Metro Area",2168316,498418,1669898,7,2150961,40087,76925,1217720,29.3,9,50844,4.7,329998,2.44,1307,58,309521,146822,156300,,,
"Bakersfield, CA Metro Area",896764,258952,637812,6.6,869297,22778,51579,382716,42.2,59.5,82556,25.2,116315,3.16,974,57.4,108570,48282,304500,,,
"Baltimore-Columbia-Towson, MD Metro Area",2802789,612036,2190753,9.1,2753141,40878,80469,1483337,33.4,43.1,143169,11,350747,2.3,1265,66.7,504818,198661,226400,,,
"Bangor, ME Metro Area",151096,26744,124352,10.7,149592,27857,47217,75526,40.6,43.5,8065,12.1,21094,1.91,739,65.8,23543,17128,308500,,,
"Barnstable Town, MA Metro Area",213413,32580,180833,17.5,211567,40790,68902,110181,40.6,52.7,17294,19.4,15683,2.42,1232,81.9,42318,28670,149500,,,
"Baton Rouge, LA Metro Area",831310,194731,636579,8.8,815464,31873,57843,411428,37.4,47.3,43997,12.1,94150,2.5,915,68.8,121769,85590,408000,,,
"Battle Creek, MI Metro Area",134487,30702,103785,10.1,132862,26276,47204,65009,39.2,44.8,7326,13,17093,2.19,781,68.3,20142,16679,193100,,,
"Bellingham, WA Metro Area",225685,44119,181566,10.7,224331,31224,62268,112529,39.5,56.6,13090,13.3,33650,2.39,1110,61.4,36000,17430,107700,,,
"Bend-Redmond, OR Metro Area",191996,39129,152867,12.6,191236,38079,67577,98438,37.2,34.5,10390,12.2,27173,2.23,1186,66,36402,16375,362500,,,
"Billings, MT Metro Area",171894,40207,131687,10.2,169622,32139,59623,89002,34.6,37.3,9520,12.3,23172,2.06,883,67.7,30413,18202,408500,,,
"Binghamton, NY Metro Area",240219,46767,193452,10.4,237121,28564,53199,118263,40.6,53.2,16491,16.4,32229,2.1,764,66.3,34615,28896,231900,,,
"Birmingham-Hoover, AL Metro Area",1151801,260528,891273,9.7,1137304,30902,56409,547042,40.6,22,23136,4.9,133862,2.38,892,69.3,179847,122123,120300,,,
"Bismarck, ND Metro Area",132317,29957,102360,8.9,129840,37135,70550,74791,28.9,33.6,4334,6.5,17440,1.92,827,69.1,23638,15304,169400,,,
"Blacksburg-Christiansburg-Radford, VA Metro Area",181926,29214,152712,9.8,179944,25199,50313,80041,49,28.3,3034,4.3,24156,2.49,913,64.7,22674,21582,258700,,,
"Bay City, MI Metro Area",103923,21083,82840,11.4,103049,28577,50606,50288,41.7,49.3,6176,14.1,11046,1.98,649,75.2,17916,15507,183300,,,
"Beaumont-Port Arthur, TX Metro Area",410233,99827,310406,8.5,395098,25928,50378,177526,44.6,11.8,9748,6.3,49611,2.52,829,65.8,39935,55584,105900,,,
"Beaver Dam, WI Micro Area",87847,17381,70466,9.8,83979,30722,63077,48480,33.1,39.6,3957,9.4,11084,2.12,821,68.5,15999,8138,123000,,,
"Beckley, WV Metro Area",117272,23801,93471,12.6,113922,23560,38917,46811,51.5,53.2,8241,20.9,12319,1.94,674,74.7,17199,19114,173800,,,
"Bloomington, IL Metro Area",190884,41346,149538,7.8,189578,32678,64822,99434,35.7,35.7,7149,8,24916,2.15,818,66.1,31357,17307,98000,,,
"Bloomington, IN Metro Area",167762,27767,139995,8.1,166494,27326,47335,88488,38.1,25.3,6035,7.8,27930,2.11,882,57.4,24338,13303,168100,,,
"Bloomsburg-Berwick, PA Metro Area",83696,15105,68591,11.1,82305,29967,50984,41892,40.4,55.9,3677,9.9,10160,1.94,733,70.5,13475,10835,172600,,,
"Bluefield, WV-VA Micro Area",99986,20100,79886,13.2,98185,22088,39276,38776,52.8,59.7,4584,13.5,12781,2.52,704,70.1,12416,17547,166200,,,
"Boise City, ID Metro Area",732257,182026,550231,9,722537,30140,61407,365115,35.8,17.6,20883,6.4,77507,2.44,946,71.1,131521,59261,90100,,,
"Boston-Cambridge-Newton, MA-NH Metro Area",4875390,962856,3912534,9,4828239,47358,88711,2766972,31.2,42.7,309985,12.9,722050,2.23,1501,60.9,783497,342251,264400,,,
"Boulder, CO Metro Area",326078,62140,263938,8.8,323907,45923,83755,184954,31.8,29.9,14444,8.9,47943,2.24,1498,62.6,54927,25425,464600,,,
"Bowling Green, KY Metro Area",177183,40603,136580,9.3,175353,25758,51365,90047,36.2,62.8,10782,13.9,24664,2.39,778,63.4,26505,16255,554100,,,
"Bozeman, MT Micro Area",111876,22863,89013,8.3,111354,34879,68266,66507,27.4,18.4,4653,7.6,17010,2.24,1105,61.7,17064,10349,166600,,,
"Brainerd, MN Micro Area",94408,20517,73891,13.5,93346,29256,51177,45055,41.2,39.4,7692,20.1,8769,1.98,717,78.3,18626,13106,412100,,,
"Branson, MO Micro Area",87601,17417,70184,15.5,86769,23603,41913,37915,47.5,14.7,2926,9.6,8728,2.24,710,75.9,13860,13613,202600,,,
"Bremerton-Silverdale, WA Metro Area",269805,55256,214549,11.2,254318,38588,76945,126416,36.3,47.8,15862,14.4,31694,2.25,1305,69.9,50093,23624,142600,,,
"Bridgeport-Stamford-Norwalk, CT Metro Area",943823,211990,731833,8.7,936043,56135,91079,512200,32.5,38.4,46560,10.7,118537,2.51,1439,65.7,156205,70892,363400,,,
"Brownsville-Harlingen, TX Metro Area",423908,128762,295146,7.6,422224,16788,38378,171778,44.6,14.1,8280,5.3,41899,3.27,712,66.4,33104,49809,435000,,,
"Brunswick, GA Metro Area",116864,25156,91708,12.6,115595,31256,50499,53958,42.5,24.9,2530,5.5,14931,2.33,925,68.4,15282,17053,86500,,,
"Cape Girardeau, MO-IL Metro Area",93647,19788,73859,9.4,92312,22977,48026,47798,36.6,11,3548,8.5,11688,2.52,774,66,12577,10103,155600,,,
"Carbondale-Marion, IL Metro Area",124475,25366,99109,9.9,122035,25211,42716,58844,42.4,27.4,10209,20,22200,2.08,692,56.6,13919,15086,152900,,,
"Carson City, NV Metro Area",55414,11316,44098,11.2,53061,34086,56160,28871,36.5,44.2,2340,9.9,9744,2.25,1004,57.8,-999999999,-999999999,114400,,,
"Casper, WY Metro Area",79115,18914,60201,9.1,77768,36004,64833,42462,31.6,24.1,1683,4.5,9410,2.06,857,70.8,-999999999,-999999999,316800,,,
"Cedar Rapids, IA Metro Area",272295,63173,209122,9.4,269041,33668,62882,147198,31.8,24.4,13708,10.6,26385,2,695,75.8,55575,27231,211000,,,
"Centralia, WA Micro Area",79604,16999,62605,12.4,78710,28346,61058,34187,46.9,65.4,4747,16.3,8772,2.47,907,71.1,12883,8672,157400,,,
"Chambersburg-Waynesboro, PA Metro Area",154835,34503,120332,10.7,153565,30306,61208,80379,35.6,35.8,8094,11.8,16832,2.51,833,71.9,25093,17909,246400,,,
"Waco, TX Metro Area",270566,65784,204782,8.7,264478,23849,47328,125413,40.8,29.6,7524,6.8,40753,2.52,882,58.2,28408,28226,180200,,,
"Walla Walla, WA Metro Area",65611,13695,51916,10.4,62498,26805,59704,29585,44.8,61,3866,15.3,9409,2.24,890,60.6,7800,6684,158400,,,
"Warner Robins, GA Metro Area",193729,47461,146268,7.6,188204,31628,54024,92344,37.3,17.1,10035,12.2,26258,2.56,853,63.3,30477,14776,231900,,,
"Warsaw, IN Micro Area",79344,18892,60452,9.7,78496,29026,55253,43397,30,45.2,1769,4.6,8130,2.33,808,73.6,12985,9683,140600,,,
"Wichita Falls, TX Metro Area",151306,33748,117558,8.7,137586,25326,50309,68547,39.4,32.7,4991,8.8,19483,2.39,750,64.2,17668,17278,145500,,,
"Williamsport, PA Metro Area",113664,23317,90347,10.7,110479,27306,55045,54575,41.6,54.4,6347,13.4,13722,2.38,776,69.2,17497,13366,101500,,,
"Wilmington, NC Metro Area",294436,55766,238670,10.8,290384,31517,52756,146562,39.7,21.6,10530,8,47436,2.15,1056,60.8,48260,25190,161200,,,
"Wilson, NC Micro Area",81455,18683,62772,10.9,80495,24629,42769,40337,37.3,27.5,3217,9.5,12677,2.71,736,60.2,10805,8335,239600,,,
"Watertown-Fort Atkinson, WI Micro Area",85129,18054,67075,10.4,84574,33545,65651,49177,29.7,43.4,2599,6.2,8854,2.15,881,73.3,15634,8692,121800,,,
"Watertown-Fort Drum, NY Metro Area",111755,26799,84956,8.1,99885,26769,53146,45206,36.9,56.8,8121,20,20244,2.2,958,54.7,14435,9978,198600,,,
"Wausau, WI Metro Area",135428,30847,104581,9.9,134394,34986,62890,72924,32.9,21.5,4318,6.7,15745,2.01,756,72,23968,16532,145600,,,
"Weirton-Steubenville, WV-OH Metro Area",120228,22615,97613,13.1,118948,27359,43747,53099,46.6,68.4,7747,16.7,14531,2.14,628,71.9,17987,19162,164800,,,
"Wenatchee, WA Metro Area",119943,29116,90827,10.5,119191,33831,61714,60984,34.9,62.2,8130,15.1,16817,2.37,932,64.9,18493,12545,89800,,,
"Wheeling, WV-OH Metro Area",140045,27014,113031,12.6,135322,26199,49749,63452,45.7,52.2,7270,13.3,13270,2.3,640,74.7,16733,22432,304800,,,
"Whitewater-Elkhorn, WI Micro Area",103718,21242,82476,10.4,103041,32933,63800,56941,32.9,42.2,5849,11.6,13585,2.52,887,66.8,16441,10838,109400,,,
"Wichita, KS Metro Area",645031,163832,481199,8.7,635502,29180,56909,325303,34.3,23.9,18663,6.5,83628,2.3,785,66.4,101343,63828,205000,,,
"Winchester, VA-WV Metro Area",141848,32338,109510,10.6,139967,32934,65170,71523,37,35.7,5047,8.1,16538,2.35,1013,69.2,23556,13621,144500,,,
"Winston-Salem, NC Metro Area",671456,148319,523137,10.2,665211,28572,48699,322503,40.2,28.8,17539,6.2,96578,2.31,754,64.3,106621,67573,243400,,,
"Wisconsin Rapids-Marshfield, WI Micro Area",73055,15666,57389,11.2,72536,31272,55273,36840,37.7,73,3744,11.5,9560,2.16,743,70.4,11643,11071,157900,,,
"Wooster, OH Micro Area",115967,28092,87875,9.8,114884,27481,59111,57450,37,17,4889,9.7,11847,2.24,723,73,17674,14387,129400,,,
"Worcester, MA-CT Metro Area",947866,197161,750705,9.2,934908,36369,70869,510306,34.1,42.6,67941,15.3,119144,2.23,1053,66.3,163791,70467,155800,,,
"Yakima, WA Metro Area",251446,74450,176996,8.1,248778,22091,51555,111600,39.3,49.5,16847,17.1,30382,2.89,797,63.5,31478,21460,281000,,,
"York-Hanover, PA Metro Area",448273,98940,349333,10.1,443256,33004,65239,234528,35.1,28.5,17788,8.7,43236,2.38,930,75.1,84636,46086,186500,,,
"Youngstown-Warren-Boardman, OH-PA Metro Area",538952,108068,430884,12,527008,27587,47476,257768,42.1,57.9,36293,16.8,68788,2.17,660,69.8,84776,73913,183000,,,
"Yuba City, CA Metro Area",174848,46244,128604,7.7,171343,25576,54745,76860,40.7,44.4,13455,20.9,23342,2.73,942,59.9,22395,12443,114700,,,
"Yuma, AZ Metro Area",212128,53632,158496,9.3,205357,21484,43403,82755,47.3,55.6,17276,23.8,25582,2.76,884,65.7,27611,21339,295000,,,
"Zanesville, OH Micro Area",86183,19683,66500,10.1,85373,26994,49602,41631,39.9,75.3,5278,14.4,9854,2.27,710,71.4,14801,9816,140600,,,
"Charleston-North Charleston, SC Metro Area",787643,171931,615712,9.5,771374,35374,64283,405879,34.5,31.2,29638,8.2,96956,2.48,1201,67.1,131340,66128,120000,,,
"Champaign-Urbana, IL Metro Area",237356,44988,192368,7.9,235139,30462,52912,121806,38.2,40.5,10758,10.2,41411,2,809,57.1,35047,19991,252900,,,
"Charleston, WV Metro Area",211285,42534,168751,12,209058,27785,40806,90314,47.9,53.2,11334,14.5,27413,2.08,764,69.8,25243,38072,160600,,,
"Charlotte-Concord-Gastonia, NC-SC Metro Area",2569213,610760,1958453,8.3,2551649,34639,62068,1363607,32.8,21.5,69075,5.7,329130,2.49,1042,65.7,442090,189077,113100,,,
"Charlottesville, VA Metro Area",231565,42849,188716,10.6,226190,44099,71052,116527,39.4,25.9,4237,4.2,33003,2.28,1186,62.8,34992,20770,215500,,,
"Chattanooga, TN-GA Metro Area",558703,115686,443017,10.3,552122,30057,54732,280468,38.5,29.2,18694,7.7,70248,2.26,834,68.2,89038,61847,299000,,,
"Cheyenne, WY Metro Area",98976,23122,75854,9.9,95265,34448,64306,47023,36.2,31.7,3389,8.2,11186,2.32,893,71.8,19441,9051,162200,,,
"Chicago-Naperville-Elgin, IL-IN-WI Metro Area",9497790,2159045,7338745,8.5,9406512,38105,70760,5080038,32.9,37.2,396388,8.9,1246171,2.39,1110,64.8,1509893,782037,246500,,,
"Buffalo-Cheektowaga-Niagara Falls, NY Metro Area",1130152,228155,901997,10.2,1116982,32691,56195,574761,38.2,51,75421,14.9,166746,2,809,65.3,186398,126962,247800,,,
"Burlington, NC Metro Area",166436,36955,129481,9.7,165380,27589,49979,81671,38.7,37.1,4310,6.1,21578,2.41,819,66.6,26783,16339,155500,,,
"Burlington-South Burlington, VT Metro Area",220612,41102,179510,10,218697,35740,71452,126595,31.1,39.5,12934,11.6,29246,2.09,1159,66.5,40316,17767,151900,,,
"California-Lexington Park, MD Metro Area",112664,27201,85463,7.7,109623,39459,92250,56956,33.7,37.4,5568,10.8,11935,2.35,1266,71.1,22710,6594,279300,,,
"Canton-Massillon, OH Metro Area",398655,85377,313278,11,393570,28135,51624,198155,38.6,44.2,19619,11.4,51879,2.17,715,68.3,69877,41870,309800,,,
"Cape Coral-Fort Myers, FL Metro Area",754610,132674,621936,15.7,750089,33010,56129,337304,47.1,25.8,17591,6.1,76370,2.86,1190,72.8,105649,99203,137300,,,
"Chico, CA Metro Area",231256,46212,185044,10.9,229374,28915,51652,109346,42.6,54.6,19361,20.6,36695,2.59,1066,58.6,30620,21321,235000,,,
"Chillicothe, OH Micro Area",76931,16140,60791,10,71344,23377,46769,31292,50.2,50.3,4517,16.9,10065,2.15,667,66.2,10099,9615,274200,,,
"Cincinnati, OH-KY-IN Metro Area",2189442,510494,1678948,9,2162574,34173,62743,1146468,33.9,41.6,100044,9.9,298002,2.19,850,65.5,382456,182077,142100,,,
"Claremont-Lebanon, NH-VT Micro Area",217215,37395,179820,13.1,214968,33982,61558,116137,37.1,49.7,13227,13.7,23895,2.1,1017,73.6,37726,29031,173500,,,
"Clarksburg, WV Micro Area",89718,17443,72275,12,87725,26229,45315,40708,45.3,54.4,4975,14.3,10142,2.37,818,71.8,10958,14892,216800,,,
"Clarksville, TN-KY Metro Area",290745,76735,214010,5.8,268933,26283,51280,122613,36.2,33.4,19949,18.8,44635,2.59,927,57.3,40157,19710,116400,,,
"Clearlake, CA Micro Area",64382,13510,50872,15.2,63594,29537,48554,27414,47.3,38.9,7330,31.9,9361,2.49,1173,65,9484,7929,168600,,,
"Cleveland, TN Metro Area",124748,26013,98735,9.9,123377,25798,48101,61513,39.4,35.8,5438,10.5,15235,2.51,770,67.4,17013,14530,245700,,,
"Cleveland-Elyria, OH Metro Area",2057009,433874,1623135,10.5,2032245,34355,56203,1064845,36.4,51.7,109946,12.1,308240,2.07,804,64.4,348617,209182,161400,,,
"Coeur d'Alene, ID Metro Area",161505,36630,124875,11.2,160376,30304,55236,78864,38.6,5.3,5952,8.5,18241,2.43,1001,71.9,28850,17864,158000,,,
"College Station-Bryan, TX Metro Area",265024,57124,207900,6.4,259658,27166,50512,124494,41.9,13.1,6070,5.4,47545,2.36,937,49.7,23414,23656,276500,,,
"Colorado Springs, CO Metro Area",738939,176140,562799,8.3,707574,33471,67430,369520,31.6,41.3,47415,14.7,91756,2.48,1188,66.2,129023,50915,213100,,,
"Columbia, MO Metro Area",180005,36539,143466,7.3,178844,29965,54356,99127,32.6,7.9,4649,5.3,33107,2.25,878,54.2,26026,13084,290100,,,
"Columbia, SC Metro Area",833165,182635,650530,9.2,807551,28339,53765,415289,36.4,32,30811,8.7,103613,2.51,946,67.1,133615,77864,192200,,,
"Columbus, GA-AL Metro Area",307149,74619,232530,8.4,291150,24808,49731,130856,41,27.3,15053,13.5,50782,2.51,855,55.7,38915,24910,156800,,,
"Columbus, IN Metro Area",82753,19690,63063,9.2,81784,30152,62047,41384,37.1,45.6,3490,9.6,9277,2.13,912,70.9,14111,8503,147200,,,
"Columbus, OH Metro Area",2106541,494992,1611549,8,2080065,33830,64052,1114965,33,41,104596,10.6,305707,2.33,947,61.9,345029,151069,155700,,,
"Concord, NH Micro Area",151132,28595,122537,11.2,147658,37119,75088,84382,32.9,31.9,6235,8.6,14219,2.02,1012,75.7,28048,16254,196700,,,
"Cookeville, TN Micro Area",111825,23455,88370,10,110390,24315,45179,53860,40.8,5.3,6174,13.1,16050,2.15,703,65.2,15686,14448,239100,,,
"Coos Bay, OR Micro Area",64389,11192,53197,15.1,63727,29009,50323,28148,48.2,74.4,6224,26.6,9849,2.36,846,64.7,-999999999,-999999999,152500,,,
"Corning, NY Micro Area",95796,20389,75407,11.3,94678,29880,55569,45897,41.2,65.2,7841,19.8,10854,2.03,658,73.3,13798,15926,205200,,,
"Corpus Christi, TX Metro Area",452927,110793,342134,9.1,447304,27347,54264,216027,38.7,17.5,14664,7.8,61902,2.58,1006,61.7,51444,48347,102600,,,
"Corvallis, OR Metro Area",92101,14770,77331,9.9,91904,32374,63773,47980,39.5,42.7,4509,10.8,14620,2.26,1072,58.8,13053,7847,141200,,,
"Crestview-Fort Walton Beach-Destin, FL Metro Area",278644,60774,217870,10.7,264149,33738,63710,128251,38.6,31.8,11294,10.2,34862,2.49,1105,67.8,44476,29002,356600,,,
"Cullman, AL Micro Area",83442,18892,64550,10.9,82550,25874,44612,37492,43.8,17.4,1830,5.6,7563,2.62,710,75.1,10619,12141,238600,,,
"Cumberland, MD-WV Metro Area",97915,17226,80689,11.6,91755,24073,44607,45577,44.8,55.3,8209,22,10560,2.33,650,72.1,14454,12879,127700,,,
"Dallas-Fort Worth-Arlington, TX Metro Area",7540371,1954835,5585536,7,7490827,34971,69445,3991824,31.2,12.1,171648,4.8,1071873,2.58,1152,59.1,999985,552020,119600,,,
"Dalton, GA Metro Area",143983,37278,106705,8.6,142839,21838,45326,68975,38.3,9.1,1850,3.1,17348,2.73,704,66,18238,15437,238800,,,
"Danville, IL Metro Area",76806,18046,58760,10.8,74166,23995,43655,33062,45.5,63.8,3495,12.8,9518,2.34,675,68.4,9973,10675,129000,,,
"Danville, VA Micro Area",101642,20682,80960,12.7,99181,22457,39512,43980,47.1,35.7,3771,10.3,14232,2.4,705,67.1,12438,16590,85000,,,
"Daphne-Fairhope-Foley, AL Metro Area",218022,47156,170866,12.5,214983,32704,56813,105280,40,37,4003,4.3,20491,2.57,1057,75.5,36924,26086,107100,,,
"Davenport-Moline-Rock Island, IA-IL Metro Area",380106,87423,292683,10.1,375059,31084,55635,194322,35.8,32.4,20956,12.5,45674,2.23,777,70.3,66017,42174,193800,,,
"Dayton, OH Metro Area",806548,177221,629327,10.2,793295,31368,54942,405457,37.1,47.7,47849,13.8,126278,2.19,786,61.9,131539,73609,138500,,,
"Decatur, AL Metro Area",152046,34213,117833,10.2,150347,26548,49133,69800,42.7,20.6,3144,5.1,16484,2.63,705,71.5,20207,21172,143600,,,
"Decatur, IL Metro Area",104712,23097,81615,11.2,102467,29539,50066,51700,38.6,47.1,5747,13.2,14604,2.18,719,67.2,16213,13745,132500,,,
"Deltona-Daytona Beach-Ormond Beach, FL Metro Area",659605,115521,544084,14.3,654216,29355,51364,292914,47.6,29,19302,7.7,71985,2.53,1048,72.3,102307,85405,102100,,,
"Detroit-Warren-Dearborn, MI Metro Area",4326442,954451,3371991,9.6,4297161,33733,60513,2180205,37.4,50.8,245352,12.9,528058,2.26,927,69.1,708953,473675,199400,,,
"Denver-Aurora-Lakewood, CO Metro Area",2932415,659089,2273326,8.1,2907940,42116,79478,1687020,28.1,36.4,161006,10.7,417459,2.3,1388,63.1,530209,183742,180300,,,
"Des Moines-West Des Moines, IA Metro Area",655409,165975,489434,7.8,649190,35601,71352,366089,27.9,51.9,32430,10,77495,2.25,898,69.6,125858,51702,420600,,,
"Dothan, AL Metro Area",148245,33434,114811,11.2,146692,25106,45152,65282,44.8,17.7,4069,7.4,16923,2.77,691,69.5,20726,17782,195300,,,
"Dover, DE Metro Area",178550,40645,137905,9.7,175018,27508,54419,83964,39.1,74,13386,18,21718,2.55,1017,68,28148,17975,125500,,,
"DuBois, PA Micro Area",79388,14681,64707,11.3,73881,24968,46205,36069,45.7,42.7,5202,16.4,7473,1.86,579,76.6,12116,12403,228500,,,
"Dubuque, IA Metro Area",96854,21527,75327,9.8,95638,30732,60225,51120,34.4,58.3,5262,12,10620,2.18,739,72.4,16768,11113,99300,,,
"Duluth, MN-WI Metro Area",278799,54289,224510,10.9,273059,29653,53767,142104,38.1,53.5,16246,13.1,34689,1.99,763,70.4,48642,33895,167100,,,
"Dunn, NC Micro Area",134214,34930,99284,7.6,128542,23571,51022,55395,42.3,20.3,5009,10.4,16056,2.84,875,65.1,18365,11594,161200,,,
"Durham-Chapel Hill, NC Metro Area",575412,117016,458396,9.4,568778,37751,62114,306162,35,13.2,15838,5.8,85856,2.28,1047,62,94123,45720,155400,,,
"East Stroudsburg, PA Metro Area",169507,33486,136021,10,168513,28188,64170,84490,39.8,34.3,10451,14.6,12394,2.78,1019,77.5,26936,15779,250200,,,
"Eau Claire, WI Metro Area",168669,35033,133636,9.9,165428,29721,60081,89952,34.7,38.7,6778,8.6,21539,2.18,793,67.8,29519,15738,173500,,,
"El Centro, CA Metro Area",181827,50831,130996,7.3,172029,16920,48984,70917,47.8,71,16262,28.1,14294,4.16,775,65.8,16952,10518,171900,,,
"Elmira, NY Metro Area",84254,17598,66656,11.3,81620,30185,53005,39210,43,58.9,5777,16.7,11498,2.06,794,66.5,11713,11114,214400,,,
"El Paso, TX Metro Area",844723,228769,615954,6.9,822650,21640,43862,385524,37.7,15.2,23003,6.8,105469,2.78,800,61.1,91134,74519,105300,,,
"Enid, OK Metro Area",60913,15802,45111,8.9,58638,26596,53946,28877,35.8,16.9,1978,8.2,8292,2.81,864,63.9,7397,7309,123600,,,
"Erie, PA Metro Area",272061,58107,213954,10.3,265285,26606,48007,135069,38.8,53,19594,16.7,37828,2.09,761,65.5,41167,30802,116800,,,
"Eugene, OR Metro Area",379611,69901,309710,11.9,377678,29762,53172,188439,40.5,43.1,29235,17.9,63589,2.31,998,59.3,57350,35133,143700,,,
"Eureka-Arcata-Fortuna, CA Micro Area",136373,26135,110238,11.2,135418,27406,50294,70898,36.9,57.6,15427,26.6,26015,2.32,975,53.4,15815,13943,281200,,,
"Evansville, IN-KY Metro Area",314672,70090,244582,9.9,309878,31421,55412,158606,37.4,25,11930,8.7,41340,2.04,767,67.9,55406,31934,326400,,,
"Fairbanks, AK Metro Area",98971,23858,75113,7.4,91940,36834,75448,48699,28.5,36,5963,14.3,14768,2.37,1232,59.4,-999999999,-999999999,146400,,,
"Elizabeth City, NC Micro Area",66815,15421,51394,12.1,64922,24429,50391,29624,42,28.1,2472,9.8,8302,2.23,783,68.6,-999999999,-999999999,259500,,,
"Elizabethtown-Fort Knox, KY Metro Area",152459,37251,115208,8.7,147328,28380,51147,68631,40.2,60.6,12803,21.4,19371,2.55,817,66.1,22276,15451,177700,,,
"Elkhart-Goshen, IN Metro Area",205560,56622,148938,8.2,202850,25694,58350,105272,32.2,42.6,8844,9.8,21444,2.53,804,70.9,35518,16698,157800,,,
"Fargo, ND-MN Metro Area",245471,56452,189019,6.9,243654,36926,65073,143444,25.9,40.6,10466,8.1,42098,2.07,831,57.6,39000,18208,152800,,,
"Faribault-Northfield, MN Micro Area",66523,14884,51639,8.8,64002,29771,65839,34233,36.1,44.2,2829,9.8,5431,2.25,853,76.7,11299,6628,221400,,,
"Farmington, MO Micro Area",66692,14116,52576,9.9,60045,23478,46796,28319,48.3,28.7,2307,9.2,8928,2.2,642,65.2,-999999999,-999999999,218100,,,
"Farmington, NM Metro Area",125043,32938,92105,9,123698,22067,44841,50807,47.3,73.3,10207,23.4,12405,3.13,852,71.6,13155,18147,126200,,,
"Fayetteville, NC Metro Area",387094,96771,290323,7,352949,24514,46679,159735,36.7,31.9,24485,17.6,68578,2.41,926,53.3,53481,24701,149600,,,
"Fayetteville-Springdale-Rogers, AR-MO Metro Area",553795,139733,414062,7.3,549900,31222,57911,278412,35.1,26.9,20151,8,78973,2.38,827,61.5,77731,48574,138700,,,
"Findlay, OH Micro Area",75930,16770,59160,9.5,75072,32438,60788,42358,31.1,33.6,5357,14.8,9509,2.03,714,69.9,13606,8491,173600,,,
"Flagstaff, AZ Metro Area",142854,29455,113399,7.8,142140,27143,61843,71793,38.4,27.3,7203,11.7,17576,2.42,1234,62.8,14639,15060,152900,,,
"Flint, MI Metro Area",406892,91553,315339,10.1,404792,28039,48127,193304,40.7,57.4,32634,20,54063,2.23,747,68.1,65927,49479,293800,,,
"Florence, SC Metro Area",204961,47621,157340,10.8,202846,24914,42612,91619,43.8,23.1,7941,10.1,25128,2.72,699,66.9,26125,24573,118700,,,
"Florence-Muscle Shoals, AL Metro Area",147149,28394,118755,11.3,145745,28081,49407,66911,44.9,21.1,1962,3.2,19347,2.14,656,67.7,19798,20787,124800,,,
"Fond du Lac, WI Metro Area",103066,22030,81036,10.5,101316,29145,57415,54976,34.3,58.6,3925,8.2,12509,2.11,725,69.5,17446,11054,145800,,,
"Forest City, NC Micro Area",66826,13782,53044,12.3,65758,23719,43111,30895,44.4,34.4,2602,10.2,8436,2.41,717,67.9,7685,10184,162700,,,
"Fort Collins, CO Metro Area",350518,68998,281520,9.8,347635,37073,71091,194050,32.6,34.6,16036,9.5,51584,2.25,1345,63,57948,29850,123100,,,
"Fort Payne, AL Micro Area",71385,17145,54240,10.3,70633,21822,36998,30604,46.5,18.3,646,2.4,7291,2.82,670,72.4,8084,11087,398300,,,
"Fort Smith, AR-OK Metro Area",282318,67423,214895,10,278822,25211,44317,125794,43.4,25.2,15413,13.9,36172,2.46,679,66.8,36392,36226,112000,,,
"Frankfort, KY Micro Area",73478,16742,56736,10.2,72598,27798,52134,36804,37.7,61.5,2419,7.6,10306,2.24,736,65.6,12261,7413,120000,,,
"Fresno, CA Metro Area",994400,281820,712580,7.1,982821,23834,52629,451036,39.1,61.3,101077,25.9,151080,3.17,996,51.2,110479,47960,148500,,,
"Gadsden, AL Metro Area",102501,22032,80469,11.2,101700,26192,45868,46578,43.6,27.9,2553,6.3,11242,2.63,685,70.9,13612,13771,274400,,,
"Gainesville, FL Metro Area",288711,52275,236436,8.5,285046,28891,50495,146275,39.5,11.9,6798,5.3,40416,2.53,1015,61.6,34621,30124,127800,,,
"Gainesville, GA Metro Area",202148,51279,150869,8.7,201269,30008,61699,99473,36.7,31.2,4675,5.2,19498,3.23,984,70,28063,17429,184100,,,
"Gallup, NM Micro Area",72290,20836,51454,6.9,71941,15469,34080,26069,52.1,74,7485,34.9,5953,3.35,644,72.2,4637,10859,217900,,,
"Gettysburg, PA Metro Area",102811,21167,81644,11.5,101521,30366,62284,52137,37.8,26.8,3377,7.4,9913,2.25,950,74.9,17632,12025,76500,,,
"Fort Wayne, IN Metro Area",437631,111368,326263,9,433177,29998,55491,227387,33,34.1,20162,10.1,48183,2.19,767,72,82368,41760,206800,,,
"Glens Falls, NY Metro Area",125462,22780,102682,12.2,121289,30899,57058,61105,41.6,60.2,6945,13.2,16164,1.97,886,68.9,20093,15739,135700,,,
"Glenwood Springs, CO Micro Area",78170,19040,59130,10,77479,34058,76184,45493,25.1,44.4,3288,8.3,8417,3.11,1374,68.1,-999999999,-999999999,178000,,,
"Goldsboro, NC Metro Area",123248,29155,94093,9.9,119636,25460,40791,57565,38,21.5,6357,13.1,18840,2.44,773,61.6,17270,12909,383300,,,
"Grand Forks, ND-MN Metro Area",102299,22592,79707,8.2,99792,29719,54659,55792,30.7,34.3,4509,9.3,19254,1.82,811,55.3,14677,9150,132700,,,
"Grand Island, NE Metro Area",85104,22350,62754,9.3,84035,26387,54235,42443,34.8,31.3,2314,6.2,10867,2.63,807,66.8,11380,10440,196400,,,
"Grand Junction, CO Metro Area",153207,33709,119498,10.8,152265,28679,49848,74316,39.6,43.2,10030,15.9,19471,2.29,869,68.5,28619,13758,144200,,,
"Grand Rapids-Wyoming, MI Metro Area",1069405,254922,814483,8.5,1060696,31769,63344,572314,32,42.5,42789,8.5,103088,2.36,878,74,187865,106246,229000,,,
"Grants Pass, OR Metro Area",87393,16840,70553,15.2,86819,25988,48315,35122,51.7,60.5,7182,24.8,10729,2.21,847,71,15678,10652,189500,,,
"Great Falls, MT Metro Area",81643,17900,63743,10.3,78377,29743,49948,38218,37.9,57.5,5154,15.2,14375,2.1,793,59.6,13402,7781,281200,,,
"Greeley, CO Metro Area",314305,82497,231808,7.7,311698,32003,75938,167047,30.4,42.9,18962,13,28301,2.81,1059,73.8,58895,20733,189300,,,
"Green Bay, WI Metro Area",321591,74876,246715,9.3,318321,32446,61400,170951,33.1,31.4,10738,7,39069,2.06,801,69.7,55425,34619,325400,,,
"Greeneville, TN Micro Area",69087,13063,56024,12.4,67713,24905,47383,30947,46.2,58.9,2171,8.1,6345,2.38,688,76.8,-999999999,-999999999,174900,,,
"Greenfield Town, MA Micro Area",70963,12746,58217,13.6,70178,35421,59248,38635,35.4,65.5,6093,18.6,8822,1.98,889,71,13445,8124,130500,,,
"Greensboro-High Point, NC Metro Area",767711,169555,598156,9.5,761362,29169,50026,382480,38,23.9,26292,7.9,114513,2.31,826,62.1,117461,70127,238400,,,
"Greenville, NC Metro Area",179914,38427,141487,8,178394,24004,42481,92592,36,29.5,7928,9.9,32296,2.42,714,53.4,26494,10498,152300,,,
"Greenville-Anderson-Mauldin, SC Metro Area",906626,201658,704968,9.9,899387,29513,55790,455421,37.5,24.4,29244,7.4,107824,2.4,862,68.7,143661,93179,146300,,,
"Greenwood, SC Micro Area",95654,20552,75102,10.1,94444,25944,41959,46040,41.2,17.3,2656,6.7,13179,2.38,732,65.1,12754,11866,169100,,,
"Gulfport-Biloxi-Pascagoula, MS Metro Area",397261,92712,304549,9.5,388140,26287,47444,183045,39.8,15.1,14589,9.4,59375,2.37,841,61.7,49177,46474,100300,,,
"Hagerstown-Martinsburg, MD-WV Metro Area",268049,60201,207848,9.8,258923,30629,61256,133456,38.1,36.4,16081,14,32332,2.57,935,68.3,45387,24387,147900,,,
"Hammond, LA Metro Area",133777,32871,100906,9,133092,23098,48205,61048,41.4,55.5,9236,18.4,13168,2.65,822,72.2,19467,14766,194800,,,
"Hanford-Corcoran, CA Metro Area",151366,40773,110593,5.8,136372,22628,61663,57696,46.8,80.9,10428,21,20170,3.41,1083,53.9,16052,7505,162800,,,
"Harrisburg-Carlisle, PA Metro Area",574659,123036,451623,10.2,562889,35748,64213,305366,34.2,44.1,28439,10.7,79048,2.22,929,66.2,97321,57222,231100,,,
"Harrisonburg, VA Metro Area",135277,27914,107363,8,134422,28153,53046,66095,40.3,13.3,3325,5.7,17830,2.61,884,62.8,17912,12245,188600,,,
"Hartford-West Hartford-East Hartford, CT Metro Area",1206300,242284,964016,9.7,1189775,41678,77258,653966,34.3,42.5,69331,12.3,154372,2.26,1111,67.2,214091,102188,210000,,,
"Hattiesburg, MS Metro Area",149119,36225,112894,8.3,148049,25493,45249,69000,41.4,16,4912,8.4,20388,2.5,830,62.3,17608,16088,249800,,,
"Helena, MT Micro Area",78791,16665,62126,12.4,77740,32395,65145,41295,34.8,58.2,5511,15.3,8068,2.17,816,74.9,15881,8147,154300,,,
"Hermiston-Pendleton, OR Micro Area",88920,24151,64769,8.5,84635,23360,56211,39542,41.2,55,4555,14.1,12172,2.84,777,58.9,9966,7452,271800,,,
"Hickory-Lenoir-Morganton, NC Metro Area",368416,76892,291524,11.1,362656,26416,47544,183580,38.9,17.5,12107,7.8,39904,2.35,683,72.5,59294,45960,182600,,,
"Hilo, HI Micro Area",200983,43630,157353,13.6,199697,32572,57571,95513,41,55.6,12160,15.1,24169,2.87,1126,66.2,26386,21010,138800,,,
"Hilton Head Island-Bluffton-Beaufort, SC Metro Area",217686,41515,176171,15.5,209631,36674,63723,93148,44.9,17.1,5251,6.8,22113,2.69,1212,73.7,36641,25287,368200,,,
"Hinesville, GA Metro Area",80008,22585,57423,5.2,73338,22815,47234,34785,31.9,17,3686,13,15881,2.37,1073,49.3,-999999999,-999999999,299800,,,
"Guayama, PR Metro Area",70764,13687,57077,11.5,null,9909,17062,16919,71.1,89.8,7674,51.9,7461,2.88,386,70.7,-999999999,-999999999,112100,,,
"Iowa City, IA Metro Area",173401,35838,137563,7.4,171401,36342,64635,98313,30.4,31.2,7070,8.2,27834,2.09,968,60.1,26720,15132,85400,,,
"Hobbs, NM Micro Area",69611,20628,48983,6.9,67368,23318,50871,30749,39.7,70.9,3704,14.2,8246,2.56,862,64.5,6904,8065,225300,,,
"Holland, MI Micro Area",117327,28357,88970,10.2,116315,28267,61353,57899,37.6,38.8,4233,8.2,7509,2.55,872,82.9,23193,13290,134200,,,
"Homosassa Springs, FL Metro Area",147929,21949,125980,19.9,145839,26187,39964,49202,61.7,29.9,5316,13.2,10665,2.69,880,82.9,21601,30027,170200,,,
"Hot Springs, AR Metro Area",99154,19787,79367,12.8,97955,26857,42779,42510,47.8,54.2,5709,15.3,13592,2.53,790,66.4,14697,12118,137600,,,
"Houma-Thibodaux, LA Metro Area",209136,51275,157861,9,207238,26869,51440,95422,41.4,62,13086,15.9,18511,2.36,816,74.9,28318,26920,149500,,,
"Meadville, PA Micro Area",85063,17737,67326,12.2,83502,26419,51502,40880,41.2,58.1,4828,14.1,8543,2,632,75.2,13517,12326,153000,,,
"Merced, CA Metro Area",274765,80340,194425,6.4,272072,23711,57745,124576,38.7,60.9,28168,26.7,37311,3.56,1023,53.1,27900,14276,113700,,,
"Medford, OR Metro Area",219564,44571,174993,13.2,218330,30901,56546,104123,42.2,49,15436,17.4,30479,2.33,980,66.1,36580,22728,261100,,,
"Memphis, TN-MS-AR Metro Area",1350064,334204,1015860,8.6,1332548,28016,50338,675844,35.8,32.6,49844,8.7,199296,2.53,893,60.5,196195,108650,293600,,,
"Meridian, MS Micro Area",104181,25983,78198,10.2,100502,21900,37816,42675,45.5,19,2964,8.2,12935,2.63,760,67.6,12275,14704,157700,,,
"Marion, OH Micro Area",65256,13958,51298,10.3,59946,21296,43008,28223,46.4,53.4,5591,23,8585,2.53,711,64.5,9924,5696,91500,,,
"Marquette, MI Micro Area",66516,12450,54066,11.3,65038,26982,54779,32485,40.9,44.1,3962,13.9,8220,1.95,784,68.8,10708,7400,110700,,,
"Marshall, TX Micro Area",66726,16892,49834,10.1,65988,24878,50561,30641,41.3,41.4,1834,7.1,6927,2.89,709,69.8,6705,9296,156500,,,
"Martinsville, VA Micro Area",64947,12478,52469,12.6,63864,18992,30040,25286,54.2,21,1471,6.8,9082,2.05,611,66.3,-999999999,-999999999,138300,,,
"Mayag\u00FCez, PR Metro Area",87598,15034,72564,12.4,null,10598,12913,26211,65,66.4,6779,36.8,15246,2.14,411,59.4,5983,16311,86400,,,
"McAllen-Edinburg-Mission, TX Metro Area",865939,281292,584647,6.2,858369,16819,39165,361040,41.3,8.5,14643,4.6,74502,3.35,703,68.6,67020,95801,94200,,,
"Miami-Fort Lauderdale-West Palm Beach, FL Metro Area",6198782,1254388,4944394,9.6,6150372,32058,56328,3200494,37.1,18.9,170711,6.1,859668,2.83,1360,59.9,739762,543637,87500,,,
"Michigan City-La Porte, IN Metro Area",110007,23422,86585,10.9,102448,26844,51584,50613,43.2,43,5533,12.7,11691,2.49,749,72.9,20000,11431,298800,,,
"Midland, MI Metro Area",83209,18229,64980,10.4,82646,34197,56091,39526,41.5,56,5435,15.8,9071,2.09,700,73.4,13910,11110,133600,,,
"Midland, TX Metro Area",177218,51154,126064,6,175940,39367,80747,94261,27.8,21.2,5565,6.5,20047,2.58,1281,66.1,20022,19110,146200,,,
"Milwaukee-Waukesha-West Allis, WI Metro Area",1576113,362846,1213267,9,1562591,35106,60643,826511,34,43.5,70004,9.5,251335,2.18,884,60.4,254432,128631,215800,,,
"Minneapolis-St. Paul-Bloomington, MN-WI Metro Area",3629190,856977,2772213,8.3,3601564,40772,79578,2050557,28.4,39.1,194386,10.6,415957,2.24,1090,70,680748,289763,222100,,,
"Minot, ND Micro Area",75668,17443,58225,7.8,70379,31626,65085,37397,30.1,15.5,2731,8.3,12820,1.94,946,59.4,10283,8445,270600,,,
"Missoula, MT Metro Area",118791,22121,96670,9.5,118160,31690,56598,70418,28.7,48.9,8118,12.8,21532,1.94,857,57.3,16851,12018,190100,,,
"Mobile, AL Metro Area",413757,96777,316980,9.5,409671,24663,43061,181636,44.5,31.5,10290,6.5,63441,2.47,824,60,53683,41503,302100,,,
"Modesto, CA Metro Area",549815,148801,401014,7.8,547120,26191,60321,251631,39.9,53.9,44752,20.9,71480,3.12,1158,59.2,68318,35373,131700,,,
"Monroe, LA Metro Area",176805,42882,133923,9.2,170917,27350,44353,76925,44.5,57.9,9982,15,24781,2.63,749,61.8,19518,20492,318900,,,
"Monroe, MI Metro Area",150439,32182,118257,10.7,149633,31458,61916,74375,39.1,50.8,5596,8.6,12169,2.03,848,80.2,31460,17957,156600,,,
"Montgomery, AL Metro Area",373401,86822,286579,9.2,362657,28400,51943,170087,42,35.3,11174,7.5,51071,2.44,897,64.2,56505,35152,168800,,,
"Morehead City, NC Micro Area",69524,12343,57181,15.5,68264,29367,54833,31561,45.5,16.6,2334,8.8,7282,2.18,879,74.6,11216,10222,144600,,,
"Morgantown, WV Metro Area",140259,24172,116087,8.5,135994,30180,50574,71015,40,37.9,6759,11,20021,2.28,837,62.3,17266,15886,218500,,,
"Morristown, TN Metro Area",118581,25814,92767,11,116753,24056,47439,52411,45.3,9.5,4961,11.4,12530,2.49,679,71.4,16842,14400,171600,,,
"Moses Lake, WA Micro Area",97331,28290,69041,9,96877,23269,53057,45004,37.3,41.3,6997,18.1,11832,2.85,770,61.6,11009,7965,146700,,,
"Mount Airy, NC Micro Area",71948,15196,56752,11.6,71195,25363,48398,32156,44.8,19.5,1082,3.8,8058,2.16,582,72.4,10750,10422,201600,,,
"Mount Pleasant, MI Micro Area",70562,11806,58756,7.6,70023,24521,46198,36819,38.9,24.2,4588,14.5,9407,2.55,744,62.9,9221,6739,123100,,,
"Mount Vernon-Anacortes, WA Metro Area",128206,27977,100229,12.3,126580,34708,73206,61628,39.5,59.7,4945,9.3,14986,2.38,1107,69.1,20558,12930,139200,,,
"Muncie, IN Metro Area",114772,21430,93342,9.6,113288,23387,41662,57484,39.9,33.8,6246,12.6,15923,2.2,750,64.9,17769,11619,336900,,,
"Muskegon, MI Metro Area",173588,40064,133524,10.1,168411,25432,50080,79963,42.3,45.6,10972,15.5,16712,2.24,751,75.1,28984,21500,96000,,,
"Muskogee, OK Micro Area",68362,16640,51722,9.2,65107,24361,45290,29814,44.4,21.3,3123,12,8888,2.25,685,66.5,10145,7533,123300,,,
"Myrtle Beach-Conway-North Myrtle Beach, SC-NC Metro Area",480891,82502,398389,17.6,477763,28877,51580,216712,46.8,23.7,14308,7.8,43783,2.7,933,76.7,81189,62960,113100,,,
"Nacogdoches, TX Micro Area",65711,15350,50361,8.7,64924,21778,46459,28264,45.5,41.6,1928,7.9,9008,2.38,741,61.6,5501,8933,194700,,,
"Napa, CA Metro Area",139417,28904,110513,11.4,137800,40470,87025,72954,36,34.1,8199,13.2,17262,2.97,1655,63.5,19705,10348,144400,,,
"Naples-Immokalee-Marco Island, FL Metro Area",378488,64531,313957,15.9,376691,45138,69867,168117,47.7,25.5,6911,5,37736,2.94,1257,73.8,50812,55624,665100,,,
"Nashville-Davidson--Murfreesboro--Franklin, TN Metro Area",1932099,446087,1486012,8.2,1913797,34879,65919,1050808,31.5,29.3,66770,7.2,251551,2.41,1081,65.6,321616,157542,369700,,,
"New Bern, NC Metro Area",123433,26284,97149,11.5,116278,27535,48557,49214,45.5,12.7,5289,12.8,17794,2.4,923,64.1,16567,15166,261900,,,
"New Castle, PA Micro Area",86184,16795,69389,12.1,85068,26428,47853,42521,40.6,78.1,5926,16.6,10722,2.01,736,71.4,14230,12545,158900,,,
"New Haven-Milford, CT Metro Area",857620,173312,684308,9.7,847128,38305,67845,458115,35.1,55.3,58483,14.9,131069,2.2,1150,60.9,134133,70337,110300,,,
"New Orleans-Metairie, LA Metro Area",1270399,282831,987568,9.7,1252374,29830,50301,625250,38.3,51,87145,16.2,182013,2.41,977,62.3,166503,133926,251100,,,
"New Philadelphia-Dover, OH Micro Area",92176,21059,71117,10.9,91239,27209,49658,46582,36.6,49.6,5365,13.5,11568,2.22,735,68.5,13261,11911,203800,,,
"New York-Newark-Jersey City, NY-NJ-PA Metro Area",19979477,4289434,15690043,8.8,19801347,43035,78478,10453093,35.3,42.2,1235697,13.4,3513413,2.48,1434,51.8,2374085,1395425,141100,,,
"Niles-Benton Harbor, MI Metro Area",154141,33571,120570,11.2,153191,31244,51262,78093,36.9,32.6,9273,14,17834,2.04,686,72.5,27839,19110,457100,,,
"North Port-Sarasota-Bradenton, FL Metro Area",821573,133031,688542,16.7,814558,37874,60921,364021,48.3,18.8,20639,6.8,85437,2.64,1267,74.5,120825,128273,152900,,,
"Norwich-New London, CT Metro Area",266784,51733,215051,10.3,256016,36428,67197,140829,34,50.5,18402,15.3,36595,2.14,1115,66.1,47578,23925,257600,,,
"Orangeburg, SC Micro Area",86934,18752,68182,11.6,86165,18826,36536,37542,46,34.7,5090,16.2,11295,2.56,644,66.3,7920,14346,238400,,,
"North Wilkesboro, NC Micro Area",68557,14044,54513,12.2,67791,27684,43466,32916,41.5,11.5,1473,5.6,7885,2.28,617,73.8,8919,13319,99500,,,
"Orlando-Kissimmee-Sanford, FL Metro Area",2572962,562065,2010897,8.7,2553365,29431,58610,1330436,35.8,19.2,94282,8,341468,2.84,1217,61,347027,188007,109000,,,
"Oshkosh-Neenah, WI Metro Area",171020,34900,136120,9.2,166379,31885,56589,91487,34.8,42.8,5633,7,23548,2.07,735,67,29263,18521,242500,,,
"Ottawa-Peru, IL Micro Area",147853,31296,116557,11.1,144344,30162,52572,74426,38.3,41.6,9563,14.9,17042,2.18,691,71.8,23201,20161,149200,,,
"Owensboro, KY Metro Area",119691,29459,90232,9.9,117737,26533,51459,56512,39.2,53.2,7328,15,14293,2.3,767,69.4,19429,12965,123600,,,
"Oak Harbor, WA Micro Area",84460,14684,69776,15,78016,36251,64793,32971,45.2,53.1,5250,19.2,9291,2.41,1191,73.1,15755,9526,137600,,,
"Ocala, FL Metro Area",359977,65788,294189,15.5,350908,25634,44576,139826,53.7,32.1,10849,9.4,35010,2.64,901,75.6,53696,54735,392500,,,
"Ocean City, NJ Metro Area",92560,14739,77821,14.7,90196,42585,67007,44812,42.4,22.8,4023,10.7,7677,2.13,1107,80.4,18968,12563,150600,,,
"Odessa, TX Metro Area",162124,48934,113190,5.6,161050,30683,64165,79507,32.5,13.3,3697,5.2,19177,2.76,1028,64.7,16033,19116,306900,,,
"Ogden-Clearfield, UT Metro Area",676948,207390,469558,6.7,670230,29048,76653,332722,31.8,20.6,15039,5.1,50897,2.75,1000,75.9,114200,46235,148000,,,
"Ogdensburg-Massena, NY Micro Area",108047,21600,86447,9.9,104389,25682,49681,47982,46.2,37,8215,19.4,11839,1.9,685,71.6,15323,14518,282800,,,
"Oklahoma City, OK Metro Area",1396445,344764,1051681,8.3,1376236,30642,57485,709402,34.2,20,39798,6.4,192848,2.51,879,63.1,199723,129468,98400,,,
"Olean, NY Micro Area",76840,16725,60115,11,76091,25133,48179,36455,41.6,66.3,5355,16.7,9153,2.13,688,71.5,11602,11324,160900,,,
"Olympia-Tumwater, WA Metro Area",286419,61381,225038,11,280820,34725,72703,139547,38.5,38.5,15832,12.8,39779,2.53,1222,64.1,48533,22401,86200,,,
"Omaha-Council Bluffs, NE-IA Metro Area",941924,240490,701434,8.3,927832,34714,66241,504030,30.1,23.8,27579,6.2,127305,2.2,910,64.9,161247,74212,314900,,,
"Opelousas, LA Micro Area",82764,22260,60504,9.4,81729,20035,32867,32803,48.2,69,4109,15.3,10337,3.03,621,65.5,6662,12966,178900,,,
"Owosso, MI Micro Area",68192,14566,53626,11,67778,29621,54456,33613,39.6,29.2,3861,13,7720,2.22,684,72.6,11944,8554,129200,,,
"Oxnard-Thousand Oaks-Ventura, CA Metro Area",850967,194458,656509,8.9,843490,36791,84566,438249,35,32.6,45545,11.8,102016,3.14,1747,62.5,120085,49879,125100,,,
"Paducah, KY-IL Micro Area",98658,22373,76285,10.6,96990,30336,47346,43157,45.1,58.3,8688,23.2,12645,2.26,747,68.1,12949,14085,614400,,,
"Palatka, FL Micro Area",74163,15757,58406,14.3,73177,21696,41608,28284,53.3,14.5,2897,12.9,6296,2.89,736,77.5,8632,12999,121600,,,
"Palm Bay-Melbourne-Titusville, FL Metro Area",596849,109627,487222,12.8,591234,31082,57888,270265,45.8,21.6,21610,9.3,55114,2.48,1074,75.7,96868,74381,90600,,,
"Panama City, FL Metro Area",202977,43440,159537,10.1,195631,28028,51842,94264,40.7,38.4,11344,13.6,25141,2.64,1077,68.7,31074,24232,221300,,,
"Parkersburg-Vienna, WV Metro Area",92499,19888,72611,11.7,91950,25884,44054,41061,45.4,70.5,6457,17.7,10502,2.03,727,73.1,14330,14163,175000,,,
"Pensacola-Ferry Pass-Brent, FL Metro Area",494883,105077,389806,9.7,473528,30210,57998,229012,40.5,39.7,17215,8.6,58406,2.49,999,68,76445,47860,126600,,,
"Peoria, IL Metro Area",368683,85292,283391,10.1,363262,31495,58603,176738,39.6,45.6,17176,11.1,45071,2.19,777,69.5,60252,42284,169800,,,
"Philadelphia-Camden-Wilmington, PA-NJ-DE-MD Metro Area",6096372,1320923,4775449,9.1,6016894,38404,70747,3203213,34.8,42,288644,10.4,764467,2.3,1134,66.6,1000945,520239,140200,,,
"Portland-South Portland, ME Metro Area",535420,100109,435311,11.6,530349,37903,69980,303896,31.9,24.4,18057,6.8,67663,1.92,1068,70.4,107340,53245,256400,,,
"Portland-Vancouver-Hillsboro, OR-WA Metro Area",2478996,531211,1947785,9.2,2463811,38987,75599,1348600,32.8,38.4,129017,10.7,359090,2.35,1323,62.4,419237,176620,275600,,,
"Port St. Lucie, FL Metro Area",482040,89653,392387,13.9,476747,31818,55714,207523,48.4,23.2,16272,9.2,44035,2.76,1254,75.8,70828,66975,397500,,,
"Phoenix-Mesa-Scottsdale, AZ Metro Area",4857962,1153928,3704034,9.1,4800763,32438,64427,2417996,36.8,41.9,239816,11.3,624706,2.7,1117,63.9,750674,355020,233300,,,
"Pine Bluff, AR Metro Area",90306,18872,71434,10.5,79703,20100,37314,32317,56.3,34.2,3787,13.6,12014,2.47,721,63,8746,11707,267000,,,
"Pinehurst-Southern Pines, NC Micro Area",98682,20853,77829,12.9,95064,34399,58531,44250,42.3,68.6,4091,11.2,9526,2.2,797,76.6,18481,12749,84300,,,
"Pittsburgh, PA Metro Area",2324743,438714,1886029,11.1,2299766,35911,59710,1218837,37,42.1,103174,9.7,308230,1.88,832,69.6,406651,298931,222300,,,
"Pittsfield, MA Metro Area",126348,21564,104784,13.2,124206,34800,60476,65311,39.5,49.6,8206,14.9,17573,1.82,894,68.2,22568,15071,160300,,,
"Plattsburgh, NY Micro Area",80695,14181,66514,9.7,75657,27980,56704,36041,46.7,24.9,5215,16,9920,1.99,827,68.4,12647,8825,224800,,,
"Pocatello, ID Metro Area",87138,22544,64594,8.4,86127,23890,50748,41298,38.8,21.3,2176,6,10639,2.6,695,65.3,12615,7381,135500,,,
"Ponce, PR Metro Area",288127,56965,231162,11.8,null,10522,17607,95595,60,75.4,30055,38.9,32903,2.53,428,69.4,21117,53545,165800,,,
"Port Angeles, WA Micro Area",76737,13075,63662,16.8,75399,31365,59001,32398,49.5,52.4,3497,12.7,9225,2.39,1032,72.3,12688,11352,95100,,,
"Portsmouth, OH Micro Area",75502,16503,58999,10.1,72766,20997,37257,29793,51.4,52.3,5703,22.2,9682,2.57,598,66.3,7997,11040,281800,,,
"Pottsville, PA Micro Area",142067,28190,113877,11.4,134864,26787,48458,66394,43.6,61.9,5718,10.1,14215,1.93,663,75.7,22877,21366,99700,,,
"Prescott, AZ Metro Area",231993,37293,194700,18.9,230551,29389,48148,94588,52.3,53.8,11399,15,26935,2.41,864,73.3,39002,34899,102300,,,
"Providence-Warwick, RI-MA Metro Area",1621337,320006,1301331,9.8,1599767,34960,65083,857816,35.8,45.8,113722,15.3,239105,2.26,956,61.5,257206,125394,261700,,,
"Provo-Orem, UT Metro Area",632705,211310,421395,4.6,629071,26703,75344,304369,31.2,16.5,14976,5.5,52802,2.99,1057,69.7,90366,31258,288700,,,
"Pueblo, CO Metro Area",167529,37486,130043,10.7,164346,24443,48468,75448,43.9,59.8,16874,26.1,22544,2.35,775,65.3,26487,15923,330100,,,
"Punta Gorda, FL Metro Area",184998,22207,162791,21.3,181635,30634,52927,66533,59.8,45.6,6324,11.7,12467,2.39,1050,83.4,26460,36048,173200,,,
"Quincy, IL-MO Micro Area",76007,17350,58657,9.9,74614,29934,54948,39834,34.1,69.8,4366,12.8,8421,2.13,732,72.2,12172,9684,206600,,,
"Racine, WI Metro Area",196584,45350,151234,9.6,191419,29897,59759,99668,36.7,52.6,9559,11.1,25822,2.35,847,66.4,32722,18264,130100,,,
"Raleigh, NC Metro Area",1362540,327949,1034591,7.7,1353279,38365,75165,742289,30.7,8.5,34962,5.2,176354,2.43,1128,65.1,240423,88077,187300,,,
"Rapid City, SD Metro Area",147316,33440,113876,11.1,143165,32081,59833,75437,34.1,4.3,4605,7,17438,2.21,804,70.2,24269,16802,267600,,,
"Reading, PA Metro Area",420152,93630,326522,9.7,415511,31493,62564,220655,34.5,40.3,19177,10,44987,2.43,909,71.3,73875,38144,199600,,,
"Redding, CA Metro Area",180040,38584,141456,11.9,178552,28144,56280,75948,47.6,54.3,10320,16.4,23796,2.56,1084,65.1,27406,16996,186000,,,
"Reno, NV Metro Area",471265,102361,368904,10.4,468079,35705,63466,253143,33.2,32.5,20635,9.2,78428,2.26,1097,58.2,77060,32236,265000,,,
"Richmond, IN Micro Area",65936,14475,51461,10.4,64470,24787,44928,30860,41.6,65.1,3070,11.5,9957,2.13,652,64.9,-999999999,-999999999,361800,,,
"Richmond, VA Metro Area",1303621,281971,1021650,9.4,1281174,35443,67703,685949,34.4,21.5,39193,6.5,171199,2.47,1100,65.6,228858,97359,92000,,,
"Richmond-Berea, KY Micro Area",108961,22247,86714,8.9,107788,25527,50333,54303,38.8,32,8486,17.7,15212,2.4,739,61.9,13846,10850,246100,,,
"Riverside-San Bernardino-Ontario, CA Metro Area",4622361,1188406,3433955,7.7,4557852,27329,65671,2159077,39.1,54.1,360151,19,483970,3.33,1321,64.6,622688,260092,148000,,,
"Roanoke, VA Metro Area",314515,63395,251120,11.9,310072,31659,55151,154598,39.9,23.9,9100,6.8,41165,2.3,894,67.5,49773,35749,360300,,,
"Roanoke Rapids, NC Micro Area",70250,14065,56185,12.4,68105,21263,37027,29076,50.3,28.3,1334,5.5,9956,2.5,695,63.3,7727,9435,178300,,,
"Rochester, MN Metro Area",219802,53414,166388,9.2,217377,38888,72129,120502,30.2,46.4,11106,10.4,23806,1.96,920,73.1,43029,21809,87400,,,
"Rochester, NY Metro Area",1071082,220075,851007,10.2,1056022,32706,60190,543734,37.9,46.8,65524,13.8,136951,2.1,894,68.2,186552,107179,218000,,,
"Rockford, IL Metro Area",337658,79600,258058,9.8,334125,29503,55829,173729,35,53.8,19399,13.1,41426,2.33,790,68.9,57077,34546,148000,,,
"Rocky Mount, NC Metro Area",146021,32132,113889,11.4,144382,27045,46733,71785,38.9,35.5,6982,11.8,20011,2.36,760,66,20777,18056,127100,,,
"Rome, GA Metro Area",97927,22625,75302,9.4,95984,23126,38462,40121,48.7,18.3,1924,5.3,13797,2.67,707,60.2,12430,8445,114000,,,
"Roseburg, OR Micro Area",110283,21351,88932,14.7,109619,24881,47004,47500,48.4,44.1,7564,18.5,13634,2.5,839,70.1,16287,15726,128200,,,
"Roswell, NM Micro Area",64689,16484,48205,9.1,63616,21204,43941,27679,45,53.5,7429,30.9,8296,2.54,783,63.3,-999999999,-999999999,216400,,,
"Russellville, AR Micro Area",85535,19619,65916,9.1,84626,21289,43886,37677,45,19.3,4708,14.2,8325,2.86,631,71.6,11378,9564,118600,,,
"Sacramento--Roseville--Arden-Arcade, CA Metro Area",2345210,535943,1809267,9.1,2327208,35194,73142,1150475,38.3,47,154640,15.2,328335,2.68,1332,60.7,359182,147936,109300,,,
"Saginaw, MI Metro Area",190800,40848,149952,10.9,187529,28690,48990,88200,43,56.7,15675,20.5,23216,2.21,747,70.5,28678,26846,415700,,,
"Salisbury, MD-DE Metro Area",409979,77568,332411,14.5,400821,31105,59214,192204,43.8,52.1,27394,17.3,41901,2.63,1003,74,69117,50287,105800,,,
"Salt Lake City, UT Metro Area",1222540,335777,886763,6.6,1215530,33158,73730,654463,29,20.7,23493,4,130931,2.67,1133,67.4,195216,76095,231800,,,
"San Angelo, TX Metro Area",119310,28412,90898,9.5,113766,27569,51851,56567,35.5,6.6,3503,7.3,16460,2.54,855,62.5,12718,14760,329200,,,
"San Antonio-New Braunfels, TX Metro Area",2518036,635046,1882990,7.8,2482269,27969,57379,1221184,36.7,19.6,76022,7.1,310532,2.71,1002,62.3,302425,210931,154400,,,
"San Diego-Carlsbad, CA Metro Area",3343364,722408,2620956,8.1,3239327,37841,79079,1697366,34.1,39.7,218987,14.6,530366,2.8,1668,53.1,425484,175061,182000,,,
"Sandusky, OH Micro Area",74615,15144,59471,12.3,73745,30532,49751,37224,39.5,31.4,4820,15.2,9238,1.97,779,70.8,12505,9932,606200,,,
"San Francisco-Oakland-Hayward, CA Metro Area",4729484,931321,3798163,9,4702993,56393,107898,2655792,31.9,33.9,245478,10.4,765074,2.55,1944,55,664616,269288,139700,,,
"San Germ\u00E1n, PR Metro Area",118510,20313,98197,13.3,null,9581,16737,35460,64.6,76.6,9277,32.9,12184,2.81,462,69.9,8113,20135,910300,,,
"San Jose-Sunnyvale-Santa Clara, CA Metro Area",1999107,439638,1559469,7.5,1988755,57797,124696,1089586,32.2,27.8,88743,9.1,294146,2.86,2283,55.7,258549,111175,93700,,,
"San Juan-Carolina-Caguas, PR Metro Area",2024604,374977,1649627,11,null,14209,22757,812020,52.2,65.1,168549,25.7,245385,2.54,526,67.3,217902,286235,1091100,,,
"St. Cloud, MN Metro Area",199801,47291,152510,8.2,198237,30169,60759,111294,29.1,42.6,15085,15.6,24273,2.43,810,67.6,31417,19247,121700,,,
"St. George, UT Metro Area",171700,44725,126975,12.1,170207,27952,56333,70788,46.3,14.9,4132,6.8,17183,3.01,984,71.3,26674,16006,191800,,,
"St. Joseph, MO-KS Metro Area",126991,27620,99371,9.8,120420,26076,53321,61058,40,12.8,3618,6.7,15418,2.36,736,67.1,17003,14395,313000,,,
"St. Louis, MO-IL Metro Area",2804724,620855,2183869,9.5,2769813,35569,62790,1469973,34.6,25.6,86392,6.7,359888,2.14,891,68.4,504135,273455,131700,,,
"Salem, OH Micro Area",102665,20872,81793,12.1,99004,24942,43745,47710,43.5,39.2,6356,15.4,11422,2.14,603,72.7,16294,14168,180700,,,
"Salem, OR Metro Area",432102,105205,326897,9.2,425154,27250,57091,208535,38.3,51.3,27940,15.3,60751,2.67,1006,59.7,59790,30188,102900,,,
"Salinas, CA Metro Area",435594,114103,321491,7.9,419413,30674,70681,199548,38.7,38.9,29476,16.9,61503,3.46,1511,51.3,41730,23066,273400,,,
"San Luis Obispo-Paso Robles-Arroyo Grande, CA Metro Area",284010,49675,234335,12.5,277304,36924,71148,134948,43.2,28.9,14913,12.7,41118,2.48,1430,61.3,43352,21728,563000,,,
"Santa Cruz-Watsonville, CA Metro Area",274255,52617,221638,10.7,272666,42131,86941,144966,36.3,50.9,16396,13.7,37907,2.9,1685,60.1,38498,18589,593100,,,
"Santa Fe, NM Metro Area",150056,26881,123175,15.6,148890,37821,60193,73028,42.1,38.1,10133,16.7,18075,2.34,1076,71.2,25277,19355,815100,,,
"Santa Maria-Santa Barbara, CA Metro Area",446527,99331,347196,8.4,439566,37172,77472,223874,37,42.8,25338,13.2,69620,3.02,1653,52.4,49099,27505,296100,,,
"Santa Rosa, CA Metro Area",499942,98257,401685,12,495984,41985,81395,272113,34,39,28160,12.2,72190,2.62,1655,61.5,76010,39234,629400,,,
"Savannah, GA Metro Area",389494,88800,300694,8.7,381513,32862,58178,203111,33.5,16,12167,6.9,56498,2.5,1055,60.5,55858,30553,655200,,,
"Scranton--Wilkes-Barre--Hazleton, PA Metro Area",555485,111070,444415,11.1,543792,28480,54115,277814,39.3,48.4,30770,12.9,74083,2.24,793,67.5,80119,73529,205600,,,
"Searcy, AR Micro Area",78727,18295,60432,9,78323,24056,42270,33429,47,50.2,2523,8.9,10561,2.3,671,64.3,10863,8153,140500,,,
"Seattle-Tacoma-Bellevue, WA Metro Area",3939363,846677,3092686,8.2,3894828,46204,87910,2166765,31.3,36.1,182314,9.4,614200,2.31,1563,59.8,657956,254054,123300,,,
"Sebastian-Vero Beach, FL Metro Area",157413,25217,132196,17.3,156228,37361,57508,65006,51.5,4.5,4598,8.8,10101,2.71,939,82.5,21070,26465,487400,,,
"Sebring, FL Metro Area",105424,18396,87028,16.5,104279,25850,39796,38836,56.6,56.8,3913,12.7,8675,3.18,794,78.6,13614,18284,220800,,,
"Seneca, SC Micro Area",78374,15586,62788,14.5,77830,27246,47132,31660,50.8,15.3,2075,7.6,8419,2.39,698,73.4,10645,12548,105800,,,
"Sevierville, TN Micro Area",97892,20174,77718,12.1,97115,23864,47411,46460,42.1,13.9,5990,15.6,11469,2.75,804,68.9,12482,12910,165800,,,
"Shawnee, OK Micro Area",72679,17153,55526,9.8,70903,23510,48776,31282,45.6,26,2346,8.3,8467,2.56,741,68.3,9271,8976,186800,,,
"Sheboygan, WI Metro Area",115456,25182,90274,10.4,113179,31211,60896,61098,34.4,37.7,3988,7.3,13106,2.12,720,71.7,19564,13638,126400,,,
"Shelby, NC Micro Area",97645,21657,75988,10.8,97402,21160,40690,42645,46.1,39.6,2089,5.8,11269,2.97,661,67.4,10919,12386,167300,,,
"Shelton, WA Micro Area",65507,12538,52969,14.3,64382,28050,58094,28226,47.8,34.4,5636,23.2,6977,2.48,1055,73,11749,7138,125800,,,
"Sherman-Denison, TX Metro Area",133991,31346,102645,10.5,132750,27017,51158,64880,39.1,20.5,3614,6.6,16167,2.57,894,67,14726,18070,230800,,,
"Show Low, AZ Micro Area",110445,29343,81102,11,108057,18125,40463,37593,55.1,55,8691,30,10030,3.2,682,70.7,8428,15827,163100,,,
"Shreveport-Bossier City, LA Metro Area",436341,104676,331665,9.7,427363,25108,41969,198793,41.1,49.5,31284,18.1,65989,2.44,811,61.5,56913,48638,124600,,,
"Sierra Vista-Douglas, AZ Metro Area",126770,27247,99523,12.7,118982,26657,50495,46200,51.1,37.8,11588,29.9,14049,2.41,787,71.8,19396,16306,142600,,,
"Sioux City, IA-NE-SD Metro Area",169354,43485,125869,8.7,167752,30725,61576,88242,31.8,31,7624,9.9,20997,2.3,799,68.2,25052,19881,142200,,,
"Sioux Falls, SD Metro Area",266100,69149,196951,8.2,262343,31196,61196,151285,25.5,34.3,7155,5.4,33829,2.12,816,67,45759,23062,140400,,,
"Somerset, PA Micro Area",73952,13094,60858,12.3,68890,27908,50988,33719,46.3,44.5,3609,12.8,5992,1.93,601,79.2,11161,11643,199500,,,
"South Bend-Mishawaka, IN-MI Metro Area",322424,75119,247305,9.7,319864,29591,54715,166714,34.8,39.4,11990,8.2,38750,2.21,790,69.9,56144,33684,106500,,,
"Spartanburg, SC Metro Area",341298,78188,263110,9.9,336569,26313,51853,166557,38.5,22.9,9818,6.9,37318,2.48,776,70.8,53560,36774,136200,,,
"Springfield, IL Metro Area",207676,45780,161896,10.7,205600,34461,63521,107933,35.5,53.5,12969,13.9,27712,2.14,830,68.6,36163,24426,147800,,,
"Springfield, MA Metro Area",631761,124706,507055,9.8,625440,31154,57857,312374,40.2,55.3,51158,18.8,91567,2.28,929,61.5,93415,52598,143400,,,
"Springfield, MO Metro Area",468126,105793,362333,9.5,461694,26373,46905,222379,40.4,16.7,11455,5.8,73200,2.1,746,62,71671,47642,237600,,,
"Springfield, OH Metro Area",134585,30121,104464,11.1,132970,26272,49875,65167,39.7,61.6,9905,18,19269,2.37,713,65.2,20015,16043,150100,,,
"State College, PA Metro Area",162805,24527,138278,7.9,157316,28362,57333,79939,43.2,22,4355,6.1,21542,2.3,902,63.2,21052,15920,119200,,,
"Statesboro, GA Micro Area",77296,14940,62356,6.7,76484,21432,44179,37314,41.2,28,2150,7,13655,2.55,779,49.6,-999999999,-999999999,234700,,,
"Staunton-Waynesboro, VA Metro Area",123007,24775,98232,12.1,117366,27725,52625,59136,41.1,9.1,4168,8.1,15916,2.17,869,68.2,21061,13068,146700,,,
"Stevens Point, WI Micro Area",70942,13929,57013,9.6,70589,30300,57452,38056,34.9,18.1,2317,6.8,9071,1.98,771,68.9,12564,7558,209100,,,
"Stillwater, OK Micro Area",82040,16208,65832,8,80262,25941,48031,38285,42.7,22.3,1458,4.5,13953,2.38,830,54.6,8560,8221,178700,,,
"Stockton-Lodi, CA Metro Area",752660,204316,548344,7.5,741862,27217,64119,347358,39.1,54.4,63044,20.6,105439,3.21,1243,54.5,88453,38025,162900,,,
"Sumter, SC Metro Area",106512,25144,81368,9.6,102056,22602,45994,47487,40.9,42.6,6641,16.2,15206,2.51,804,62.4,14435,10755,366000,,,
"Sunbury, PA Micro Area",91083,17800,73283,12,87315,26722,47160,44297,41.3,62.5,3701,9.8,11628,2.05,639,70,13897,13291,113700,,,
"Spokane-Spokane Valley, WA Metro Area",573527,126180,447347,10.4,563814,30712,58546,275375,39.6,53,45677,18.7,80536,2.21,908,64.8,97197,51285,119400,,,
"Syracuse, NY Metro Area",650502,135924,514578,9.8,644098,32063,58715,326030,38.5,48.9,38413,13.7,82115,2.19,829,68.1,107542,67786,239000,,,
"Talladega-Sylacauga, AL Micro Area",92812,18652,74160,11.2,89332,25604,42026,39758,48,11.8,3097,9.1,10418,2.26,637,70.5,12476,12455,140000,,,
"Tallahassee, FL Metro Area",387455,73303,314152,9.2,376838,28713,50682,198612,38.3,26.1,12757,7.4,59846,2.45,937,59.1,50849,35656,110700,,,
"Tampa-St. Petersburg-Clearwater, FL Metro Area",3142663,626137,2516526,11.1,3112216,31831,54912,1540656,40.3,26.2,105874,7.9,432831,2.45,1128,64.7,457995,336499,182700,,,
"Terre Haute, IN Metro Area",168679,35439,133240,9.8,161896,25617,50256,82347,39.8,40.7,8038,11.4,22917,2.2,724,66.2,27024,17806,210000,,,
"Texarkana, TX-AR Metro Area",151675,36877,114798,9.8,144466,25810,45212,61759,47.8,34.2,4714,8.7,20702,2.46,729,63.4,16332,19576,99700,,,
"The Villages, FL Metro Area",128754,9257,119497,32.7,119539,33441,53895,30288,74.9,34.5,1378,6.2,7883,2.04,912,87.5,20043,34928,110900,,,
"Toledo, OH Metro Area",602871,134871,468000,9.6,596678,29222,51321,305475,36.6,39.3,35075,13.3,92477,2.23,744,62.4,94738,58437,255200,,,
"Topeka, KS Metro Area",232594,54854,177740,11,228460,30874,54618,114149,37.8,18.8,8381,8.4,30434,2.16,825,68.1,38945,25985,130500,,,
"Torrington, CT Micro Area",181111,33007,148104,12.3,179743,43008,76043,100397,34.3,33.6,11924,13.9,16410,2.15,1012,77.7,36045,21143,138400,,,
"Traverse City, MI Micro Area",149914,29315,120599,13.3,148401,32654,62207,75001,39.3,45.1,7261,11.3,12027,2.31,924,79.5,26960,19753,256100,,,
"Trenton, NJ Metro Area",369811,78695,291116,8.8,365196,42302,80632,197131,34.3,23.5,14087,8.3,49761,2.54,1264,62.6,53750,29469,211100,,,
"Twin Falls, ID Metro Area",109264,30309,78955,8.4,108377,25583,52292,51956,37.5,8.1,2559,5.5,12524,2.61,774,68.8,18259,9347,289700,,,
"Truckee-Grass Valley, CA Micro Area",99696,17079,82617,17.5,98472,37645,66299,46073,45.2,24.1,8170,21.4,10736,2.2,1256,74.1,18855,11856,182200,,,
"Tucson, AZ Metro Area",1039073,216294,822779,11.3,1017187,29410,53464,481650,42.4,50.1,67072,16.1,151689,2.41,887,62.3,150794,99840,456000,,,
"Tullahoma-Manchester, TN Micro Area",104410,23183,81227,10.6,103354,26898,49370,48027,42.4,41.3,3749,8.7,11844,2.62,744,70.9,15591,13221,198100,,,
"Tulsa, OK Metro Area",993928,244804,749124,9.2,984265,30347,55633,489812,36.8,19.7,26563,6.2,133682,2.43,839,65,144181,103725,151900,,,
"Tupelo, MS Micro Area",140552,34233,106319,8.5,139034,24686,49206,63781,41.6,30,2467,4.4,14840,2.65,749,70.6,18717,16978,154600,,,
"Tuscaloosa, AL Metro Area",244895,51642,193253,8.7,241483,26239,50939,118164,40.7,28.6,6129,5.9,31315,2.46,831,64.3,33712,22570,121400,,,
"Tyler, TX Metro Area",230221,56559,173662,9.4,227757,29069,58226,110572,38.3,15.5,4099,4.3,25458,2.65,954,67.1,26746,25126,163800,,,
"Ukiah, CA Micro Area",87606,18535,69071,14.1,86511,26939,51830,41461,41.6,44,8475,25.5,14142,2.62,1100,58.2,11323,8329,168300,,,
"Valdosta, GA Metro Area",145577,32625,112952,7.8,139932,21983,35186,60696,45.6,34.4,2733,5.1,25015,2.62,757,53.4,16292,12373,381900,,,
"Vallejo-Fairfield, CA Metro Area",446610,99231,347379,9.6,434732,35820,84395,226696,35.8,36.3,26001,13.2,56434,2.74,1633,62.9,74075,21782,136900,,,
"Urban Honolulu, HI Metro Area",980080,207907,772173,9.6,932332,35958,84423,491062,33,38.6,40379,9.5,137431,2.81,1726,55.4,113475,57302,442700,,,
"Utica-Rome, NY Metro Area",291410,61141,230269,10.4,282467,28117,55286,136484,42,47.4,21711,18.2,36881,2.14,744,67.3,42494,33425,701200,,,
"Washington-Arlington-Alexandria, DC-VA-MD-WV Metro Area",6251240,1434315,4816925,7.8,6176339,49436,102180,3533654,28.1,31.8,231010,7.4,814784,2.52,1670,63.5,1090612,329163,129800,,,
"Waterloo-Cedar Falls, IA Metro Area",169659,37325,132334,9.4,167611,29867,56245,91903,32.5,58.5,10564,13.2,20933,2.26,766,69.4,28900,18551,433200,,,
"Victoria, TX Metro Area",99047,25333,73714,9,97994,27670,51683,45843,39.6,19.4,3590,9.1,10947,2.56,874,68.5,12020,11763,150300,,,
"Vineland-Bridgeton, NJ Metro Area",150972,35304,115668,9.1,139670,25040,52795,65251,45.4,53.9,9291,16.6,16264,2.83,1054,67.5,19731,14039,146200,,,
"Virginia Beach-Norfolk-Newport News, VA-NC Metro Area",1729114,379532,1349582,8.7,1632902,33833,65604,840492,33.7,23.4,62454,8.5,257608,2.42,1146,60.6,287618,109249,166900,,,
"Visalia-Porterville, CA Metro Area",465861,142990,322871,6.7,461439,22606,48817,203251,40,70.6,50089,29.1,57335,3.38,905,58.8,57468,24394,254700,,,
"Kalamazoo-Portage, MI Metro Area",340318,74572,265746,9.5,337484,29950,56016,179624,34.4,49.5,19938,12.8,43257,2.19,799,67.4,55104,34480,220700,,,
"Kapaa, HI Micro Area",72133,15680,56453,12.3,71458,32909,80921,37455,35.5,28.3,3748,11.5,9247,3.16,1346,59.2,7789,5649,160100,,,
"Kalispell, MT Micro Area",102106,22476,79630,12.4,101481,32619,53193,50938,38.4,60.6,7695,17.3,10709,2.23,937,72.1,16683,10980,627800,,,
"Kankakee, IL Metro Area",110024,25195,84829,9.4,108094,26342,51404,52415,40.1,39.4,6407,13.7,13353,2.54,864,67.1,16636,10653,320400,,,
"Kansas City, MO-KS Metro Area",2142419,519451,1622968,8.8,2118268,35354,65768,1138346,32.2,14.2,54269,5.4,292182,2.23,968,65,356874,186036,147300,,,
"Keene, NH Micro Area",76493,13635,62858,11.8,75709,34460,59186,41711,35.1,31.7,3979,11.3,9345,1.99,900,69.1,12047,8816,196000,,,
"Kennewick-Richland, WA Metro Area",296224,84918,211306,8.1,293073,30391,64908,138110,37.1,39.9,17752,14.6,32496,2.91,948,67.2,44605,21887,192700,,,
"Key West, FL Micro Area",75027,11243,63784,14.5,73287,50988,71973,40529,36.8,22.8,1789,5.2,11279,2.37,1691,64,9005,11078,248600,,,
"Killeen-Temple, TX Metro Area",451681,120642,331039,6.8,416592,24575,53686,193210,37.4,30.4,20014,12.2,66702,2.69,894,56.2,52495,32963,541900,,,
"Kingsport-Bristol-Bristol, TN-VA Metro Area",306562,58750,247812,12.7,302520,26194,41957,132268,47.9,32.7,14232,12.6,33470,2.32,625,73.4,46794,45504,149200,,,
"Kingston, NY Metro Area",178599,31311,147288,11.4,174251,35400,63889,92896,38.6,51.4,11909,14.9,22663,2.29,1163,67.2,25958,20533,134900,,,
"Klamath Falls, OR Micro Area",67653,14986,52667,13.3,66930,23892,45354,27910,47.3,33.3,4628,20.6,9732,2.47,758,63.7,8858,8208,243700,,,
"Knoxville, TN Metro Area",882598,182427,700171,10.8,872052,30014,53523,433391,39.9,34.8,33404,8.9,107919,2.33,816,68.7,132554,104184,169500,,,
"Kokomo, IN Metro Area",82366,18632,63734,10.9,81200,29033,55868,39444,39.8,47.5,3814,10.9,11267,1.96,693,67.9,14437,9435,175700,,,
"La Crosse-Onalaska, WI-MN Metro Area",136808,27280,109528,9.5,135182,33522,60402,75335,32.8,20.4,5536,8.3,20281,2.08,858,63.9,20646,15230,122900,,,
"Lafayette, LA Metro Area",489364,120290,369074,8.5,485025,27022,50825,233249,38.9,58.6,31334,15.5,57686,2.48,797,68.7,64791,61880,185500,,,
"Lafayette-West Lafayette, IN Metro Area",222676,47087,175589,7.4,220696,26480,50799,114267,37,39.3,7343,7.3,35477,2.3,833,56.7,31204,15203,163500,,,
"LaGrange, GA Micro Area",70034,17162,52872,8.6,68742,24448,44260,31965,41.7,32.6,1184,4.1,10800,2.48,860,57.5,-999999999,-999999999,152400,,,
"Lake Charles, LA Metro Area",209548,51355,158193,9.1,207578,27820,49072,96566,41,43.7,13394,15.4,26862,2.34,824,66.6,27156,26367,138200,,,
"Lake City, FL Micro Area",70503,15313,55190,10.5,65845,26521,48848,29931,47.2,20.7,2641,10.5,6613,2.82,850,74.2,10194,8871,161800,,,
"Lake Havasu City-Kingman, AZ Metro Area",209550,35609,173941,17.7,206088,25450,46060,80596,54.7,72.2,17077,26.4,26616,2.39,798,70.5,37124,26530,124100,,,
"Lakeland-Winter Haven, FL Metro Area",708009,156486,551523,11.5,699842,24985,51670,319569,43.8,30.3,25672,9.2,73224,3.07,961,69.6,86068,81879,189300,,,
"Lancaster, PA Metro Area",543557,127711,415846,9.8,537703,32676,66277,282167,34.4,36.7,22741,9.4,66038,2.27,975,67.4,86190,50262,161300,,,
"Lansing-East Lansing, MI Metro Area",481893,98645,383248,9.3,478611,31008,59494,250705,36.5,42.9,28279,12.9,65471,2.25,863,65,78435,42926,220500,,,
"Laredo, TX Metro Area",275910,90659,185251,5.4,273632,17857,46862,116423,40.3,12.5,4651,4.5,29464,3.38,857,60.9,23340,22496,158800,,,
"Las Cruces, NM Metro Area",217522,52231,165291,9.1,214569,22037,35262,94077,44.7,73.5,23427,28.8,31765,2.5,678,60.5,24828,23816,122300,,,
"Las Vegas-Henderson-Paradise, NV Metro Area",2231647,517629,1714018,9,2207851,30754,57076,1124165,36.1,40.8,108586,11,370321,2.61,1130,54.2,303891,134393,144400,,,
"Laurel, MS Micro Area",81762,19155,62607,11.2,80900,23554,44439,35765,45,0,1476,4.7,7200,2.32,687,76.8,8200,15692,286600,,,
"Lawrence, KS Metro Area",121436,21734,99702,7.3,120668,30466,54668,72044,29,17.4,3568,5.6,23008,2.11,968,53,17922,7977,109900,,,
"Lawton, OK Metro Area",125696,29334,96362,7.5,111861,25177,52034,50387,39.4,13.3,6615,15,19420,2.55,803,56.5,14884,10307,208100,,,
"Lebanon, PA Metro Area",141314,32141,109173,10.7,139664,28814,61362,73002,35.5,56.6,6785,10.8,16007,2.41,907,70.6,22861,15654,114500,,,
"Lewiston, ID-WA Metro Area",63018,14114,48904,12.5,62224,26962,51330,28269,43.9,44.8,2985,12.6,6855,2.25,757,72.9,11067,7345,178000,,,
"Lewiston-Auburn, ME Metro Area",107679,22257,85422,10.6,106462,27378,49697,57101,34.9,39.9,3927,8,17309,2.02,774,61.4,17506,10082,203500,,,
"Lexington-Fayette, KY Metro Area",516697,112946,403751,8.4,510862,32806,56784,278441,32.9,45.6,30156,12.4,81546,2.37,885,60.1,81857,41017,158900,,,
"Lima, OH Metro Area",102663,23083,79580,9.8,100169,25833,49063,51388,37.6,43.1,6001,13.4,14401,2.38,691,65,16541,10262,189600,,,
"Lincoln, NE Metro Area",333964,75834,258130,8.4,329626,30746,58506,191136,28,21.3,10814,6.5,52352,2.1,840,60.5,51781,28488,118600,,,
"Little Rock-North Little Rock-Conway, AR Metro Area",741357,173545,567812,9.4,731496,30768,52102,361729,37.8,38.9,38870,12.1,99308,2.36,821,65.1,115097,69978,182000,,,
"Logan, UT-ID Metro Area",141476,43271,98205,5.7,140615,22454,59414,71279,30.8,16,3115,4.9,15277,3.1,799,64.8,18100,10046,156600,,,
"London, KY Micro Area",128214,31487,96727,9.5,126519,19208,38753,49727,50.5,59.8,9193,21,15518,2.73,597,65.9,14280,15703,255900,,,
"Longview, TX Metro Area",219417,53747,165670,9.5,212012,25734,51296,101630,41.2,13.5,4456,5.2,25308,2.39,817,66.9,25853,25255,113000,,,
"Longview, WA Metro Area",108987,25393,83594,11.6,107980,31054,59225,50551,41.3,35.8,6474,15.1,13875,2.31,803,67.9,18009,11395,137600,,,
"Los Angeles-Long Beach-Anaheim, CA Metro Area",13291486,2887679,10403807,7.9,13203405,35938,72563,6981414,34.9,41.3,1007912,16.3,2255530,2.87,1565,48.2,1479847,618925,244000,,,
"Louisville\/Jefferson County, KY-IN Metro Area",1296815,288580,1008235,9.6,1280108,32095,57405,673771,35.2,48.3,72592,12.4,168200,2.32,850,66.9,220589,118678,650300,,,
"Lubbock, TX Metro Area",319995,76993,243002,7.1,315841,27398,49974,162176,35.2,21,7737,5.3,52004,2.35,908,56.7,36702,31419,178500,,,
"Lufkin, TX Micro Area",87092,22101,64991,9,85137,21390,47519,37309,44.5,18.5,2885,8.7,10461,2.73,849,65,8190,11247,146300,,,
"Lumberton, NC Micro Area",131831,32772,99059,9.4,130173,17801,35037,51658,49.8,41.8,4283,9.2,16336,2.7,627,64.5,11311,18379,109300,,,
"Lynchburg, VA Metro Area",265405,52145,213260,10.6,262609,27061,51143,128386,41.4,25,7287,6.5,31675,2.41,788,69.3,40669,30932,78900,,,
"Macon-Bibb County, GA Metro Area",226680,53940,172740,10.1,221525,23834,42615,101202,43.6,19.7,7243,8.5,34631,2.39,780,59.1,28048,22026,172200,,,
"Madera, CA Metro Area",157672,43123,114549,8.6,149321,21901,56305,66874,44,67.3,14717,27.4,16065,3.96,947,63.9,18622,9797,126900,,,
"Madison, WI Metro Area",660422,136760,523662,8.8,654015,39311,70463,382560,28.8,28.7,19848,5.7,107519,2.09,1063,61,116232,51843,273500,,,
"Manchester-Nashua, NH Metro Area",415247,84981,330266,9.2,411090,41289,78978,237756,30,25.7,15907,7.7,54743,2.22,1165,66.1,73344,33562,258700,,,
"Manhattan, KS Metro Area",97980,19434,78546,6.5,91639,26387,49200,51628,29,28.2,3389,7.6,17837,2.4,862,50.3,11585,6490,283500,,,
"Manitowoc, WI Micro Area",79074,16065,63009,11.2,78636,29715,54393,40016,38.1,31.4,2802,7.7,9029,1.98,616,74.4,15068,11162,212800,,,
"Mankato-North Mankato, MN Metro Area",101647,20349,81298,8.2,100765,30121,60255,59955,27.7,32.5,6589,12.2,13007,2.2,843,66.9,15787,10469,129900,,,
"Mansfield, OH Metro Area",121099,25845,95254,10.4,114646,24927,49564,53222,45.7,61.9,6398,13.6,16045,2.17,656,66.6,18345,13715,191400,,,
"Marinette, WI-MI Micro Area",63417,11848,51569,13.4,62659,27807,48215,30699,42.1,56.9,3232,12,6249,1.98,653,78.5,11549,11312,114600,,,
"Marion, IN Micro Area",65936,13607,52329,10.1,65049,22298,44839,31154,42.5,25.1,3656,14.1,6976,2.08,651,74.1,10817,9130,109900,,,
,,,,,,,,,,,,,,,,,,,84500,,,