CITY,Year,%homes heating with wood,% 16+ Yrs not in labor force,%workers taking taxi to work,%Total population 65-74,% of Owner Occupied Housing Units,%homes using solar energy,%homes with no heat,% homes heating with coal,%foriegn born,%workers carpooling,%homes using coal for heat energy,Percent of population Employed health insurance coverage ages 19-64,%homes using wood for heat energy,"%homes using oil, Kerosene for heat energy",Percetage of Labor force with Public Health Insurance
"Peoria, IL Metro Area",2025,2.278333333,46.11333333,1.4,18.90333333,77.73666667,100,1.235,0.04333333333,100,5.87,31.85,9.796666667,100,3.39,-1.033333333
"Aberdeen, WA Micro Area",2025,0,32.96666667,0.21,12.93333333,73.03333333,100,0.7233333333,0,100,13.66333333,0,4.886666667,100,15.32,42.04333333
"Birmingham-Hoover, AL Metro Area",2025,1.44,28.25666667,0.5933333333,10.42666667,63.22333333,100,0.4833333333,0,100,5.63,0,12.47333333,100,4.773333333,35.47
"Keene, NH Micro Area",2025,0,41.22,0.4866666667,14.89666667,80.40333333,100,0.8466666667,0.3983333333,100,9.7,100,15.2,100,0,30.05
"Williamsport, PA Metro Area",2025,0,36.43666667,2.626666667,9.2,63.12,100,0.6866666667,0,100,7.193333333,0,14.09333333,100,0,9.993333333
"Elkhart-Goshen, IN Metro Area",2025,1.373333333,50.03666667,0.22,17.13666667,78.73666667,100,36.30666667,0,100,11.92,5.333333333,10.13333333,100,1.56,33.44
"Cullman, AL Micro Area",2025,0,39.24,0,11.11333333,65.18666667,100,0.6933333333,0,100,12.49,100,25.73666667,100,1.126666667,77.37333333
"Las Vegas-Henderson-Paradise, NV Metro Area",2025,0,37.63,0,12.71,74.09,0,0,0.3233333333,100,7.643333333,70.53333333,11.7,0,4.835,32.82666667
"Santa Cruz-Watsonville, CA Metro Area",2025,0,42.13,0,12.84333333,77.95,0,0,0.06666666667,100,3.343333333,100,13.04,100,2.236666667,51.39333333
"Springfield, MO Metro Area",2025,1.1,40.53,1.893333333,15.68333333,56.25,100,2.763333333,0,100,10.15333333,0,24.63,100,0,48.49
"Bremerton-Silverdale, WA Metro Area",2025,0,33.55333333,0.97,10.93333333,66.26333333,100,1.323333333,0,100,6.9,100,4.106666667,100,0,28.62
"Minot, ND Micro Area",2025,6.066666667,53.16,0,12.60333333,73.8,100,0.1333333333,0,100,9.526666667,0,22.66,100,11.1,55.56
"Columbia, MO Metro Area",2025,0.6133333333,37.35,0.05,13.06333333,70.60333333,100,0.9,0.1866666667,100,4.523333333,87.33333333,19.63333333,100,2.246666667,56.18333333
"Seneca, SC Micro Area",2025,1.544444444,24.28,0,5.773333333,60.18,100,0,0,100,5.563333333,0,10.73666667,100,0,54.86666667
"Santa Fe, NM Metro Area",2025,0,44.37666667,0,10.47666667,71.13666667,0,0,0,100,3.67,0,9.826666667,0,0,32.37666667
"Pittsburgh, PA Metro Area",2025,0.9233333333,28.02,0,8.65,62.53333333,100,0.33,0,100,7.836666667,0,22.06333333,0,0,30.35
"Madison, WI Metro Area",2025,0,45.59,0,13.86333333,80.50333333,100,13.78333333,0.3066666667,100,8.29,100,36.32333333,100,20.04,76.42333333
"Centralia, WA Micro Area",2025,0,42.44666667,4.913333333,14.07,65.39333333,100,1.996666667,0.006666666667,100,7.933333333,100,13.91666667,100,4.286666667,31.17333333
"Vallejo-Fairfield, CA Metro Area",2025,0,34.87666667,0,11.12333333,70.17333333,0,0.3933333333,0,100,4.603333333,0,14.70666667,100,3.45,37.27
"Fairbanks, AK Metro Area",2025,0,41.27,0,13.90333333,84.62,100,0,0,100,7.49,0,1.42,100,0,27.13
"Sacramento--Roseville--Arden-Arcade, CA Metro Area",2025,0,44.81333333,0.75,16.19666667,81.22666667,0,0.5966666667,0.1166666667,100,7.86,0,8.123333333,0,1.99,36.55666667
"St. Louis, MO-IL Metro Area",2025,0.5366666667,39.16666667,0,8.67,66.17,100,1.836666667,0,100,13.72333333,68.9,22.22,100,3.403333333,74.86333333
"New Philadelphia-Dover, OH Micro Area",2025,1.113333333,32.61333333,0,9.95,67.25333333,0,1.56,0.01,100,7.463333333,0,5.54,0,0,18.40333333
"Cleveland-Elyria, OH Metro Area",2025,0,32.12333333,0,7.5,68.30333333,100,2.196666667,0,100,7.363333333,0,2.523333333,0,0,49.76
"Mansfield, OH Metro Area",2025,0.6055555556,54.2,0,11.73333333,65.03888889,100,3.144444444,0.15,100,13.65,100,38.62777778,100,0.2222222222,72.35
"Hilton Head Island-Bluffton-Beaufort, SC Metro Area",2025,0.115,33.57666667,0.9466666667,7.323333333,65.41666667,100,0,1.208333333,100,5.1,100,11.23,100,12.785,32.85666667
"South Bend-Mishawaka, IN-MI Metro Area",2025,0,55.32333333,1.313333333,10.41,55.90333333,100,70.89666667,0,100,6.663333333,0,40.98666667,0,0,60.27666667
"El Paso, TX Metro Area",2025,0.7583333333,37.63,0.49,11.54333333,66.47666667,100,1.861666667,0,100,14.52666667,22.06666667,24.28666667,100,4.563333333,60.36333333
"Coeur d'Alene, ID Metro Area",2025,13.33,45.70666667,0,10.14,75.72666667,100,1.183333333,0.07,100,9.22,0,21.18666667,100,4.26,70.90333333
"Memphis, TN-MS-AR Metro Area",2025,1.046666667,30.81666667,0.1933333333,11.43333333,72.27333333,0,1.85,0.06,100,8.716666667,11.9,12.85,19.8,37.96666667,57.17333333
"Bloomsburg-Berwick, PA Metro Area",2025,0,40.28333333,0,15.15,86.97,0,1.15,0,100,5.33,0,14.85,100,0,19.22
"Portland-Vancouver-Hillsboro, OR-WA Metro Area",2025,3.603333333,46.53666667,0,7.98,76.78333333,0,0.3733333333,0.81,100,8.866666667,0,11.88666667,0,0.4666666667,34.17333333
"Cookeville, TN Micro Area",2025,0,41.55333333,0,11.60333333,67.03666667,100,1.42,0.01666666667,100,8.163333333,0,11.41666667,100,0,43.58
"Valdosta, GA Metro Area",2025,0,34.81333333,0.56,11.41333333,69.05,100,1.576666667,0,100,7.32,0,18.9,0,0,30.15333333
"Indianapolis-Carmel-Anderson, IN Metro Area",2025,5.501666667,41.57,0,12.81666667,65.40666667,100,0.73,0,100,10.71,0,27.59666667,100,0,60.27666667
"Daphne-Fairhope-Foley, AL Metro Area",2025,3.453333333,27.66666667,1.09,11.36,71.90666667,100,0.8033333333,0.38,100,11.55666667,100,18.92666667,100,21.39,66.8
"Show Low, AZ Micro Area",2025,0,23.92666667,2.02,6.943333333,56.29333333,100,4.411666667,0.1,100,5.746666667,100,-0.1366666667,100,3.11,21.59666667
"Jackson, TN Metro Area",2025,1.123333333,38.74333333,0.9466666667,14.10666667,70.70666667,100,1.026666667,1.303333333,100,11.87,100,11.58666667,100,33.17833333,31.91666667
"Beckley, WV Metro Area",2025,0,42.95333333,0.12,13.43666667,58.90333333,100,1.02,0.37,100,9.976666667,100,16.76,100,0,47.06333333
"Auburn, NY Micro Area",2025,0,38.48666667,0,12.82333333,75.42,0,1.233333333,0,100,5.876666667,0,12.07,0,0,66.89333333
"Champaign-Urbana, IL Metro Area",2025,0,41.5,0,13.28333333,77.35,100,1.801666667,0.05333333333,100,7.995,100,16.49,100,3.956666667,23.33
"Boulder, CO Metro Area",2025,0,49.44,0,13.49,69.06,100,0.7516666667,0,100,7.268333333,0,15.25666667,0,0,58.79666667
"New Haven-Milford, CT Metro Area",2025,0,21.80666667,1.516666667,6.936666667,63.68333333,100,1.576666667,0,100,4.463333333,38.13333333,6.663333333,100,0,31.00333333
"Provo-Orem, UT Metro Area",2025,0,42.25666667,0,13.52666667,78.59666667,100,2.793333333,0.04666666667,100,6.026666667,4.233333333,14.16,0,0,11.86666667
"Zanesville, OH Micro Area",2025,0,21.42666667,2.416666667,10.18,72.83,100,0,0.02333333333,100,3.34,100,4.126666667,100,1.266666667,34.73
"Wausau, WI Metro Area",2025,0,44.25333333,0.8466666667,11.86666667,63.33,100,0.08333333333,1.243333333,100,7.013333333,100,16.60666667,100,0,15.54
"Philadelphia-Camden-Wilmington, PA-NJ-DE-MD Metro Area",2025,0.3283333333,47.34,0,14.36666667,72.44333333,0,1.986666667,0,100,7.326666667,0,9.406666667,0,0,21.04666667
"Bloomington, IN Metro Area",2025,0.2766666667,35.35,0.1,14.26,75.19666667,0,1.43,0,100,7.916666667,8.933333333,8.35,100,0.6966666667,13.60333333
"Elmira, NY Metro Area",2025,0,36.87,0.1733333333,13.71333333,71.44666667,100,1.426666667,0,100,12.09666667,62.15,12.53666667,100,2.255,24.74
"Lumberton, NC Micro Area",2025,3.358333333,31.73333333,0.2266666667,14.43666667,86.07333333,100,0.715,0.06833333333,100,0.9366666667,8.533333333,18.70333333,100,3.598333333,48.08333333
"Rochester, MN Metro Area",2025,0.4766666667,33.06666667,0,12.22666667,73.09666667,100,1.743333333,0.05333333333,100,4.706666667,100,12.54,100,24.71,30.51333333
"Findlay, OH Micro Area",2025,0,63.07666667,0,20.16666667,91.78666667,100,1.476666667,0,100,8.103333333,0,21.46666667,0,0,64.31
"Traverse City, MI Micro Area",2025,0.3033333333,46.67333333,0.04,9.743333333,62.29333333,100,0,6.483333333,100,9.033333333,100,19.32666667,0,7.178333333,66.80666667
"Tupelo, MS Micro Area",2025,2.583333333,36.36333333,2.103333333,12.25,57.88666667,100,1.741666667,0.05333333333,100,8.74,100,22.05333333,100,17.39,24.17333333
"Athens, OH Micro Area",2025,0,27.48666667,1.403333333,12.11666667,68.75666667,100,0.7466666667,0.8666666667,100,12.56333333,100,20.89,100,0.2966666667,58.15333333
"College Station-Bryan, TX Metro Area",2025,4.853333333,48.02333333,0,11.61666667,75.60666667,89,1.243333333,0.1533333333,100,11.29166667,0,28.92,100,5.36,75.97
"Punta Gorda, FL Metro Area",2025,0,34.51333333,0,11.61,69.19,100,2.511666667,0.04,100,5.92,55.25,8.833333333,70.4,0.8733333333,21.07
"San Francisco-Oakland-Hayward, CA Metro Area",2025,11.4,45.44666667,0,12.15333333,66.49333333,0,0,0,100,11.71,0,19.99,100,3.983333333,76.26
"Niles-Benton Harbor, MI Metro Area",2025,0,46.36333333,0,10.09666667,64.27666667,0,0.8566666667,0,100,9.461666667,0,23.14666667,0,0,59.08
"Olean, NY Micro Area",2025,0,39.82333333,0.3533333333,17.09,78.74666667,100,1.453333333,0,100,6.516666667,0,5.583333333,0,0,30.24666667
"Alamogordo, NM Micro Area",2025,4.86,26.54666667,1.58,10.88,69.39666667,100,0.34,1.04,100,11.47333333,100,-8.003333333,0,12.41666667,21.83333333
"Shreveport-Bossier City, LA Metro Area",2025,0,27.02666667,1.97,9.653333333,62.43,100,4.406666667,0.2416666667,100,5.426666667,100,10.78666667,100,6.101666667,23.24
"Spokane-Spokane Valley, WA Metro Area",2025,0,45.62333333,0,13.92666667,75.06333333,100,0,0,100,11.08,0,6.15,0,0,4.26
"Hot Springs, AR Metro Area",2025,5.446666667,17.63,2.473333333,5.453333333,46.67,100,0.285,0.1066666667,100,9.603333333,100,9.426666667,100,22.02166667,11.99333333
"Lafayette-West Lafayette, IN Metro Area",2025,8.841666667,43.02,1.64,13.61666667,67.91333333,100,23.01,0.05333333333,100,15.05666667,40.96666667,17.76,100,2.881666667,49.34666667
"Little Rock-North Little Rock-Conway, AR Metro Area",2025,3.408333333,46.75666667,0.66,14.97666667,80.59666667,28.96666667,1.296666667,0.425,100,8.25,100,12.60666667,100,4.616666667,35.88666667
"Pine Bluff, AR Metro Area",2025,4.526666667,25.35,1.403333333,10.44333333,66.76666667,0,0,0.74,100,8.983333333,100,19.03,100,9.003333333,39.97
"Urban Honolulu, HI Metro Area",2025,4.29,36.84,0,10.23666667,68.02666667,0,0,0,100,7.84,0,23.45333333,100,1.175,46.35666667
"Watertown-Fort Atkinson, WI Micro Area",2025,7.891666667,46.58,0,12.9,77.91666667,100,0.9,2.331666667,100,6.146666667,100,18.76666667,100,33.955,43.92
"Cincinnati, OH-KY-IN Metro Area",2025,0,36.72,0,14.26666667,69.96666667,100,1.17,0.1633333333,100,11.9,100,15.25666667,100,4.073333333,40.31666667
"Prescott, AZ Metro Area",2025,0,33.18333333,1.393333333,9.936666667,69.61666667,100,5.913333333,0,100,6.256666667,0,14.55333333,75.93333333,0,23.90333333
"Canton-Massillon, OH Metro Area",2025,0,51.54,0.3166666667,13.32,71.72333333,100,1.363333333,2.45,100,13.52,100,22.45,0,0,44.79666667
"Jackson, MI Metro Area",2025,0,44.27666667,0,13.27666667,79.93,100,0,0,100,8.003333333,100,21.79666667,100,6.881666667,49.33666667
"Cleveland, TN Metro Area",2025,0,24.53333333,0.99,7.683333333,66.72,100,1.5,0.06,100,6.74,40.8,3.79,0,38.55,55.86333333
"Napa, CA Metro Area",2025,0.01666666667,39.61333333,1.433333333,9.66,68.37,100,2.023333333,0.1866666667,100,5.463333333,100,18.23333333,100,5.658333333,48.82
"Aguadilla-Isabela, PR Metro Area",2025,0,22.74,3.736666667,9.3,61.09,100,0.925,0.05166666667,100,6.633333333,100,-4.006666667,100,17.22,6.876666667
"Palatka, FL Micro Area",2025,0,35.69666667,12.47666667,14.87666667,65.91666667,100,0,0,100,4.73,100,8.656666667,100,6.88,55.95333333
"Springfield, OH Metro Area",2025,0,36.07333333,1.036666667,14.94666667,57.96333333,100,2.896666667,0.07666666667,100,9.033333333,0,20.73333333,100,3.81,39.05333333
"Kapaa, HI Micro Area",2025,1.96,76.43,0,23.06333333,89.62666667,0,0,0,100,4.925,0,19.68666667,100,0,57.25
"Huntington-Ashland, WV-KY-OH Metro Area",2025,9.695,47.52,0,13.38,68.49,0,0.57,0,100,5.295,0,13.615,100,0.365,40.68
"Madera, CA Metro Area",2025,0.02333333333,39.37,0,12.93666667,70.28,100,14.03666667,0.06666666667,100,7.253333333,100,35.81333333,100,39.16333333,65.75
"Plattsburgh, NY Micro Area",2025,0,41.78333333,0,10.97,68.07666667,100,2.176666667,0.06333333333,100,9.476666667,0,20.06333333,0,0,31.91
"Columbus, OH Metro Area",2025,0,43.86,0,14.69333333,73.72333333,0,1.185,0.035,100,6.653333333,0,19.32666667,0,2.108333333,59.85666667
"Allentown-Bethlehem-Easton, PA-NJ Metro Area",2025,4.28,33.30666667,1.333333333,12.59666667,70.37333333,100,1.556666667,0,100,5.296666667,0,10.72,100,14.07333333,33
"Walla Walla, WA Metro Area",2025,0,34.54333333,1.885,10.22666667,62.60333333,100,0.36,0,100,6.013333333,0,10.88,100,5.393333333,12.71666667
"Wheeling, WV-OH Metro Area",2025,0,43.14,0,10.42333333,72.16333333,100,1.8,0.285,100,15.05333333,100,13.43,53.7,0,13.67333333
"Fond du Lac, WI Metro Area",2025,2.7,38.46333333,1.091666667,9.063333333,70.00333333,100,0.595,2.21,100,6.965,100,15.65666667,100,6.305,22.59666667
"Corvallis, OR Metro Area",2025,0,37.77666667,0,11.38666667,74.84,100,0.85,0,100,11.54,100,18.29,100,0,67.90333333
"Nacogdoches, TX Micro Area",2025,0.9766666667,37.09666667,1.546666667,8.253333333,61.32,100,2.883333333,0,100,10.77666667,39.9,21.62,100,0,49.22666667
"Spartanburg, SC Metro Area",2025,0,41.55666667,1.83,10.98,49.95666667,100,48.015,0,100,7.91,0,22.54333333,100,0,55.41333333
"Killeen-Temple, TX Metro Area",2025,7.408333333,44.42333333,3.17,14.76666667,77.16,100,1.316666667,0.02166666667,100,8.13,100,14.17,100,11.37166667,58.19666667
"San Jose-Sunnyvale-Santa Clara, CA Metro Area",2025,5.778333333,29.56,0,9.37,62.99666667,0,0,0.14,100,15.83333333,0,11.96,100,16.50833333,30.71666667
"Jacksonville, FL Metro Area",2025,3.44,35.40333333,1.513333333,11.49666667,68.01666667,100,0.41,1.105,100,10.03,100,11.58666667,100,32.20833333,21.09666667
"Amarillo, TX Metro Area",2025,0.17,38.69,0,15.73666667,77.08666667,0,0.02833333333,0,100,9.383333333,0,16.86333333,0,0,52.82333333
"Parkersburg-Vienna, WV Metro Area",2025,4.946666667,36.05666667,2.506666667,14.45666667,71.83,0,0.08333333333,0.3233333333,100,4.563333333,100,12.36,100,34.36666667,19.36333333
"Gainesville, FL Metro Area",2025,0,35.04333333,0,12.29666667,74.06333333,0,0.6433333333,0.17,100,8.213333333,95.66666667,7.57,100,6.006666667,33.08
"Somerset, PA Micro Area",2025,0,46.68666667,5.113333333,9.053333333,51.62,100,3.293333333,0,100,7.433333333,0,28.70666667,100,0,47.58
"Medford, OR Metro Area",2025,0,28.39,0,11.67333333,68.48666667,0,0.003333333333,0,100,5.18,0,7.396666667,50.83333333,34.82666667,44.03
"Kingsport-Bristol-Bristol, TN-VA Metro Area",2025,7.556666667,45.99666667,0.7266666667,14.88333333,82.25333333,100,0.44,0,100,9.536666667,0,15.33666667,100,0,58.17
"Laurel, MS Micro Area",2025,0,32.06,0,11.33333333,74.27,0,0,0.25,100,8.821666667,32.06666667,12.09666667,0,5.295,64.86
"Gallup, NM Micro Area",2025,0,31.1,0,11.69666667,63.57,100,0.32,0.455,100,7.49,100,19.23,0,13.05,47.98333333
"Winston-Salem, NC Metro Area",2025,0,48.96,0,13.05666667,67.74333333,0,0.6933333333,0.02333333333,100,7.98,0,25.03,0,0,44.95666667
"Baltimore-Columbia-Towson, MD Metro Area",2025,0.4266666667,39.70666667,1.5,13.73666667,66.35,0,0.3733333333,0.2966666667,100,7.876666667,100,15.68,100,9.76,44.08666667
"Oklahoma City, OK Metro Area",2025,0,40.34666667,0,18.03333333,70.41,100,1.663333333,0.003333333333,100,8.246666667,0,8.906666667,100,5.6,28.70333333
"Wilmington, NC Metro Area",2025,2.166666667,31.89666667,1.593333333,9.286666667,74.39,100,0.2333333333,0,100,10.05666667,0,11.06,100,27.235,32.64333333
"Roswell, NM Micro Area",2025,0,32.52,1.433333333,12.02666667,74.39333333,100,0.3533333333,0.2666666667,100,5.843333333,100,9.99,100,11.78,23.27333333
"Cape Girardeau, MO-IL Metro Area",2025,0.04444444444,40.85666667,0.6,13.18333333,73.88666667,100,1.377777778,0.05555555556,100,5.75,0,24.02,100,5.833333333,66.06666667
"Grand Rapids-Wyoming, MI Metro Area",2025,0.1966666667,38.60333333,0.2766666667,12.94,60.41666667,100,26.30166667,0,100,9.773333333,0,9.486666667,0,0,16.55
"Glens Falls, NY Metro Area",2025,0,34.76666667,0.1466666667,8.55,70.89333333,100,1.246666667,0,100,6.543333333,0,7.64,100,0,10.58333333
"Austin-Round Rock, TX Metro Area",2025,0,48.71666667,3.16,12.36333333,74.52,100,1.463333333,0.32,100,5.85,100,19.79666667,100,0,50.87333333
"Elizabethtown-Fort Knox, KY Metro Area",2025,1.103333333,50.01666667,0,18.19333333,81.16333333,100,0,0,100,8.746666667,0,7.23,100,0,34.74333333
"Farmington, MO Micro Area",2025,0,41.01333333,0,11.39666667,71.61333333,100,11.14444444,0,100,13.12666667,0,18.82666667,100,1.555555556,23.53666667
"Marinette, WI-MI Micro Area",2025,0,42.86666667,0,11.72222222,57.3,100,0.6333333333,0.1777777778,100,12.13333333,30.88888889,28.18888889,100,4.066666667,48.6
"Jackson, MS Metro Area",2025,0,45.36666667,0,15.35666667,76.19,100,1.736666667,0,100,8.666666667,100,17.97,100,14.42,47.98333333
"Pottsville, PA Micro Area",2025,0,30.64666667,0.8133333333,9.596666667,65.92,100,3.228333333,0,100,7.09,0,12.77,0,0,26.09333333
"Watertown-Fort Drum, NY Metro Area",2025,0,45.57333333,0.2566666667,11.77666667,72.12,100,0.2966666667,2.183333333,100,5.903333333,100,13.91666667,100,0,11.74666667
"Bowling Green, KY Metro Area",2025,0.3066666667,46.01,0,13.15333333,77.11666667,100,0.515,0,100,7.843333333,0,11.61333333,0,0,45.26333333
"Cheyenne, WY Metro Area",2025,0.3516666667,40.40333333,0.4033333333,12.28333333,72.51,100,0.6133333333,0,100,2.796666667,0,23.91333333,100,12.70666667,36.75666667
"Lynchburg, VA Metro Area",2025,2.9,25.51333333,0.3666666667,12.93666667,79.12666667,100,0.4333333333,0.1283333333,100,1.826666667,100,19.7,100,17.83833333,44.68666667
"McAllen-Edinburg-Mission, TX Metro Area",2025,0,23.81666667,1.59,9.946666667,63.04333333,100,3.286666667,0.5766666667,100,8.171666667,100,9.596666667,100,0,27.62666667
"Michigan City-La Porte, IN Metro Area",2025,0.9133333333,30.84666667,0.4266666667,11.15333333,49.65333333,100,1.313333333,0.8416666667,100,9.55,100,17.77333333,100,5.256666667,58.29666667
"Fort Smith, AR-OK Metro Area",2025,0,32.93,4.766666667,9.083333333,61.01333333,100,0.855,0.8466666667,100,10.93333333,100,15.57333333,100,3.243333333,50.61
"Albany-Schenectady-Troy, NY Metro Area",2025,0,34.2,0,9.43,74.6,100,0.4333333333,0.01,100,3.59,0,12.69333333,0,26.97333333,25.28333333
"New Orleans-Metairie, LA Metro Area",2025,0.6966666667,24.84666667,0,8.53,67.30666667,0,1.573333333,0,100,6.62,0,9.356666667,100,0,16.98666667
"Wichita, KS Metro Area",2025,0.9166666667,39.94,0.4166666667,8.696666667,62.60666667,100,0.7433333333,0.3733333333,100,10.29,100,11.49333333,100,3.033333333,38.44666667
"Janesville-Beloit, WI Metro Area",2025,0,42.88,2.516666667,10.14666667,67.56666667,100,0.81,0.03333333333,100,7.61,74.7,9.736666667,100,2.333333333,42.20333333
"Virginia Beach-Norfolk-Newport News, VA-NC Metro Area",2025,0,42.85333333,0,12.9,60.42333333,100,2.603333333,0,100,5.97,0,4.583333333,100,0,31.97
"Manitowoc, WI Micro Area",2025,0,50.09666667,0,14.70333333,66.82666667,100,7.791666667,0,100,12.35,0,28.50333333,0,0,65.11
"Winchester, VA-WV Metro Area",2025,0,41.03333333,0.09666666667,9.463333333,63.72666667,100,0.6,0,100,8.363333333,0,12.65666667,100,0,37.68666667
"Forest City, NC Micro Area",2025,3.395,45.61666667,1.366666667,10.4,71.89666667,100,1.753333333,3.74,100,6.688333333,100,22.13333333,100,17.09166667,39.37666667
"Baton Rouge, LA Metro Area",2025,2.69,36.57,1.36,9.726666667,63.43333333,100,2.166666667,0,100,9.81,0,18.26333333,100,0,26.78333333
"Oshkosh-Neenah, WI Metro Area",2025,1.05,42.15666667,1.966666667,10.26,70.27,5.733333333,1.103333333,2.146666667,100,11.34,100,14.80333333,100,6.323333333,48.99
"Meridian, MS Micro Area",2025,0,29.57666667,0.3133333333,10.86333333,65.79,100,2.211666667,0,100,7.46,0,16.42333333,0,2.265,65.14
"Bozeman, MT Micro Area",2025,0,43.05,0,12.15,74.61333333,100,1.133333333,0,100,7.66,32.98333333,9.526666667,100,1.903333333,34.50666667
"Chico, CA Metro Area",2025,0.22,41.56333333,1.41,10.45666667,70.04333333,100,0.1766666667,2.613333333,100,12.39666667,100,18.72333333,0,21.50666667,30.5
"Wichita Falls, TX Metro Area",2025,0,44.58333333,2.153333333,12.74666667,71.12333333,100,1.888333333,0,100,8.18,0,14.88666667,100,1.126666667,20.44333333
"Sebastian-Vero Beach, FL Metro Area",2025,0,29.38333333,0,9.743333333,73.37333333,100,0.6866666667,0,100,8.703333333,0,10.62333333,0,0,32.69
"Ann Arbor, MI Metro Area",2025,1.241666667,50.83,0,14.08666667,81.43333333,20.53333333,0.625,0,100,8.73,0,14.76,100,0,26.37
"Los Angeles-Long Beach-Anaheim, CA Metro Area",2025,3.103333333,39.15666667,0,13.93,75.62666667,0,0,3.99,100,5.98,100,11.28666667,0,26.35833333,18.20666667
"Bluefield, WV-VA Micro Area",2025,1.256666667,34.36333333,0,11.63666667,80.78333333,0,0.96,0,100,6.376666667,0,17.86333333,100,4,28.22333333
"Dover, DE Metro Area",2025,0.69,29.36,0.65,9.046666667,71.43666667,100,0.5833333333,0.01333333333,100,11.73333333,1.466666667,9.12,100,0,17.52
"Augusta-Waterville, ME Micro Area",2025,0,52.4,0.06666666667,12.78333333,72.17333333,100,1.778333333,1.586666667,100,6.303333333,100,22.90666667,100,0,45.53
"Huntsville, TX Micro Area",2025,1.5,41.50666667,0,13.63,73.40333333,100,1.041666667,0.07,100,10.13,40.46666667,31.12,100,12.135,67.25666667
"Kansas City, MO-KS Metro Area",2025,0,39.42,0.5366666667,12.94666667,71.24666667,100,1.146666667,0.5766666667,100,10.66166667,100,17.27,100,33.86166667,32.48
"Boston-Cambridge-Newton, MA-NH Metro Area",2025,0.5466666667,42.69,0,12.04,65.85333333,0,0.4383333333,0,100,5.183333333,0,15.29666667,0,1.833333333,47.54666667
"Altoona, PA Metro Area",2025,4.903333333,35.17666667,0,16.15,73.80333333,100,1.093333333,0,100,7.543333333,0,12.16,100,13.76333333,24.22666667
"Wilson, NC Micro Area",2025,0,35.00333333,0.2533333333,9.883333333,72.6,100,0.125,0,100,5.886666667,0,10.49,100,15.70166667,34.89
"Fresno, CA Metro Area",2025,0,45.23666667,2.266666667,12.69666667,73.36666667,0,0.5016666667,0.855,100,8.696666667,100,7.816666667,100,12.99,34.22666667
"Tampa-St. Petersburg-Clearwater, FL Metro Area",2025,6.58,41.73666667,0,14.73333333,82.46333333,0,0.3316666667,0,100,10.26666667,0,11.44,100,0,53.75666667
"Farmington, NM Metro Area",2025,0,29.83666667,0.08,10.05666667,75.35666667,0,0,0,100,13.23,0,13.78333333,72.05,5.381666667,24.25333333
"Cedar Rapids, IA Metro Area",2025,2.133333333,50.13,4.926666667,14.04333333,69.89,100,1.295,0,100,7.466666667,100,24.64,100,8.311666667,69.97
"Shelton, WA Micro Area",2025,0,25.99333333,1.61,9.17,69.31333333,100,1.071666667,0,100,7.616666667,0,6.42,100,4.421666667,34.12333333
"Ithaca, NY Metro Area",2025,0,47.06333333,0,11.85666667,81.54666667,100,0,0,100,5.56,0,20.72333333,100,0,44.68333333
"Eureka-Arcata-Fortuna, CA Micro Area",2025,0,36.07666667,0,8.58,71.60666667,100,0.6833333333,1.48,100,7.513333333,100,3.36,100,38.33333333,18.01333333
"Naples-Immokalee-Marco Island, FL Metro Area",2025,2.521666667,36.31666667,1.04,9.913333333,75.86,100,1.991666667,0.3266666667,100,1.696666667,100,19.43,100,10.95166667,64.61
"Asheville, NC Metro Area",2025,2.331666667,31.40666667,0.86,12.19666667,61.19333333,100,0.69,0.2633333333,100,11.33666667,100,5.53,100,1.623333333,40.55666667
"Victoria, TX Metro Area",2025,1.803333333,52.89,0,15.57,69.94666667,0,1.778333333,2.55,100,4.56,100,15.00666667,0,17.155,58.62333333
"Ogden-Clearfield, UT Metro Area",2025,0.7133333333,47.52333333,0,15.88666667,58.45333333,100,1.113333333,0,100,7.51,0,23.56,100,6.855,60.74666667
"Utica-Rome, NY Metro Area",2025,0,40.44333333,0,7.96,65.18666667,0,0,0,100,7.01,0,16.35,100,0,43.55666667
"Dallas-Fort Worth-Arlington, TX Metro Area",2025,0,45.19666667,1.056666667,13.19666667,65.39666667,0,0.625,0,100,12.49,0,5.396666667,100,0,37.20333333
"Las Cruces, NM Metro Area",2025,0,45.40666667,0,11.44666667,64.23666667,100,0.115,0.485,100,12.475,100,21.01333333,0,5.728333333,50.75666667
"Brainerd, MN Micro Area",2025,0,43.94333333,1.193333333,12.90333333,70.39333333,100,0.9466666667,0,100,5.596666667,26.85,4.186666667,100,0.68,23.51333333
"Ukiah, CA Micro Area",2025,0,39.42,1.56,9.136666667,62.67666667,100,2.048333333,0.585,100,7.416666667,100,11.8,0,10.955,37.04666667
"Lexington-Fayette, KY Metro Area",2025,1.493333333,41.12666667,0.1533333333,11.85,70,100,0.9466666667,0.04666666667,100,6.4,47.13333333,20.05,100,0,41.59333333
"Colorado Springs, CO Metro Area",2025,3.25,43.33,0.1716666667,11.26,69.68,100,1.073333333,0.1833333333,100,7.051666667,100,31.13666667,100,5.933333333,77.37
"Columbia, SC Metro Area",2025,8.566666667,36.19333333,0.7533333333,10.89,62.07333333,100,0.5433333333,0.1333333333,100,7.413333333,6.8,14.65,100,1.983333333,47.82333333
"Barnstable Town, MA Metro Area",2025,1.696666667,38.64,0,7.973333333,59.31,0,0.9766666667,0,100,11.04333333,0,21.29666667,0,0,30.19666667
"Clarksburg, WV Micro Area",2025,1.706666667,42.23333333,0.2433333333,13.90666667,60.76333333,100,0.8833333333,0,100,9.386666667,0,22.04,0,0,56.02
"Chattanooga, TN-GA Metro Area",2025,3.203333333,39.80333333,0,15.07,81.66666667,41.96666667,1.05,1.68,100,5.733333333,100,27.37,0,35.58666667,58.06
"Morristown, TN Metro Area",2025,5.193333333,46.86333333,0,12.36333333,78.49,0,0.145,0,100,8.49,0,29.07333333,100,0,110.33
"London, KY Micro Area",2025,0,33.62,0,12.74,72.06333333,100,0.72,0,100,8.463333333,0,3.43,100,0,-0.05333333333
"Salem, OH Micro Area",2025,0,44.89,0,13.30333333,68.40666667,100,1.44,0.3333333333,100,10.82,100,22.85333333,100,3.293333333,76.22333333
"Trenton, NJ Metro Area",2025,1.083333333,53.14333333,0,11.35666667,67.99333333,0,0,6.483333333,100,12.16333333,100,18.19333333,0,0.9166666667,58.48666667
"Adrian, MI Micro Area",2025,0,27.88333333,1.626666667,10.11333333,64.20666667,100,1.15,0.2866666667,100,8.756666667,100,-0.09666666667,100,22.20333333,13.16
"San Diego-Carlsbad, CA Metro Area",2025,11.62,43.00666667,0,12.3,71.94333333,0,0,0.4266666667,100,6.133333333,100,20.69666667,100,13.58666667,71.22
"Lakeland-Winter Haven, FL Metro Area",2025,0,31.72,1.463333333,6.95,63.8,100,1.223333333,0.07,100,9.383333333,100,11.78666667,100,16.72333333,33.21666667
"Tullahoma-Manchester, TN Micro Area",2025,0,33.59333333,2.25,10.25,73.12666667,0,0.2883333333,0.42,100,7.183333333,100,15.02333333,100,29.63,54.25333333
"Dubuque, IA Metro Area",2025,0,40.33666667,0.3633333333,12.02,60.85666667,100,1.48,0,100,10.21,0,6.386666667,100,0,10.37666667
"Billings, MT Metro Area",2025,0,41.30666667,1.086666667,9.543333333,70.74333333,100,1.803333333,0.2666666667,100,10.40666667,100,10.01333333,0,0,19.65333333
"New York-Newark-Jersey City, NY-NJ-PA Metro Area",2025,1.736666667,41.09666667,0,10.48666667,69.18666667,0,1.166666667,0,100,8.051666667,0,16.94666667,0,0,48.32
"North Port-Sarasota-Bradenton, FL Metro Area",2025,0.8883333333,43.68666667,0,9.216666667,68.51333333,0,0.2433333333,0.4083333333,100,10.19833333,0,29.34,0,0,77.04
"Flagstaff, AZ Metro Area",2025,0,50.71333333,0,14.12666667,75.96,100,1.57,0.02333333333,100,6.523333333,100,22.1,100,0.05666666667,69.15333333
"Lima, OH Metro Area",2025,2.436666667,45.31666667,0.5666666667,14.63,80.97,100,1.086666667,0.06333333333,100,6.336666667,67.2,14.96666667,100,0,36.61
"Athens-Clarke County, GA Metro Area",2025,0,29.5,0.3,13.50333333,79.07666667,33.76666667,1.041666667,0.5866666667,100,7.893333333,100,17.74333333,100,6.223333333,36.75666667
"Syracuse, NY Metro Area",2025,0,40.61,0,12.19666667,69.78,0,0.1133333333,0,100,11.16666667,0,7.91,0,0,15.35666667
"Morehead City, NC Micro Area",2025,6.246666667,40.38666667,0,11.44,64.07333333,100,0.7366666667,0.05333333333,100,10.13,11.2,22.69666667,100,3.183333333,64.60666667
"Crestview-Fort Walton Beach-Destin, FL Metro Area",2025,0,32.84333333,0,9.626666667,70.82,100,0.7966666667,0.5133333333,100,11.87,100,26.67666667,100,0.9933333333,82.55666667
"Lawrence, KS Metro Area",2025,0,29.74,1.605,9.32,72.26,100,1.07,0.06,100,6.525,100,14.73666667,100,4.833333333,65.88333333
"Lufkin, TX Micro Area",2025,5.308333333,34.58,0.2933333333,15.08333333,83.30666667,100,13.42833333,0,100,2.106666667,0,15.59,100,5.886666667,48.07666667
"Wenatchee, WA Metro Area",2025,0,40.52,0.1833333333,10.68666667,65.25666667,100,0.71,0,100,12.31333333,0,11.40333333,0,0,2.67
"Grand Forks, ND-MN Metro Area",2025,3.18,52.04,0,14.3,76.74666667,100,0.3916666667,6.086666667,100,2.053333333,100,19.59666667,100,37.60333333,77.28
"Cape Coral-Fort Myers, FL Metro Area",2025,0.8033333333,44.17,1.44,8.703333333,64.66666667,100,0,2.41,100,14.14333333,100,20.21333333,100,14.29333333,37.48
"Evansville, IN-KY Metro Area",2025,0,31.9,0.24,9.373333333,82.03,100,0.6783333333,0.7483333333,100,7.106666667,100,0.4433333333,100,56.02333333,22.72
"Abilene, TX Metro Area",2025,0,32.65,0.6666666667,12.23333333,70.03,80.03333333,0.86,0,100,9.866666667,0,3.773333333,100,10.33333333,34.17
"Port St. Lucie, FL Metro Area",2025,1,41.01,0,8.03,74.74333333,0,0,0.8433333333,100,7.493333333,100,12.29333333,0,0,34.47666667
"Ogdensburg-Massena, NY Micro Area",2025,0,47.01,0.13,21.79666667,73.63333333,100,1.331666667,0,100,7.79,0,9.64,0,0,27.01666667
"Akron, OH Metro Area",2025,1.673333333,27.17333333,2.466666667,10.7,67.58,100,0.62,0.6383333333,100,11.62,100,-1.266666667,100,22.43666667,22.90333333
"San Angelo, TX Metro Area",2025,0.3533333333,32.37333333,0,8.776666667,64.55,100,0.5183333333,0,100,6.526666667,0,8.356666667,100,0,31.07666667
"Bay City, MI Metro Area",2025,0,36.15666667,0.4266666667,12.13666667,67.53,100,1.973333333,0,100,8.79,42.83333333,16.13333333,100,5.1,27.85333333
"Yuma, AZ Metro Area",2025,0,25.89,1.976666667,11.77666667,75.76666667,100,0,0,100,4.673333333,100,-0.02333333333,100,1.086666667,23.42
"Odessa, TX Metro Area",2025,1.13,38.56333333,0,11.72666667,64.97,100,0.5433333333,0,100,6.863333333,0,24.72666667,100,0,66.51333333
"Weirton-Steubenville, WV-OH Metro Area",2025,0,35.94666667,0.7766666667,9.85,59.95,100,0.7033333333,0,100,11.66333333,0,12.18,0,0,0.5033333333
"Goldsboro, NC Metro Area",2025,2.398333333,49.66,0,13.54333333,74.55333333,100,0.925,4.438333333,100,3.103333333,100,14.46,100,16.62833333,30.99
"Lawton, OK Metro Area",2025,0,29.36,2.698333333,11.2,73.91333333,100,1.15,0.09333333333,100,7.531666667,100,18.3,100,3.273333333,100.3433333
"Brunswick, GA Metro Area",2025,3.893333333,39.46,0,12.56666667,66.47333333,100,0.9966666667,0.2633333333,100,6.293333333,23.53333333,26.17,100,0,43.24
"Alexandria, LA Metro Area",2025,1.13,35.75333333,1.493333333,10.14333333,62.14,100,2.04,0.04666666667,100,8.683333333,97.13333333,21.03333333,0,28.01666667,38.68333333
"Panama City, FL Metro Area",2025,1.73,37.47666667,0.6866666667,14.21,70.04333333,100,0.9033333333,0.3266666667,100,3.26,100,9.696666667,100,33.71,42.74333333
"Burlington, NC Metro Area",2025,4.65,42.98666667,0,13.71666667,74.53666667,0,0.45,0.6366666667,100,10.37,100,25.99333333,100,31.50333333,79.00333333
"Gadsden, AL Metro Area",2025,0,39.99666667,0,12.88333333,76.01666667,0,0.5633333333,0,100,8.54,23.66666667,11.77333333,100,6.643333333,36.57333333
"Portland-South Portland, ME Metro Area",2025,0,38.56666667,0,9.44,72.87,0,1.271666667,1.045,100,8.296666667,0,5.193333333,0,0,22.74
"Charleston, WV Metro Area",2025,0.185,43.08333333,0,12.85,74.21,23.48333333,2.525,0.07833333333,100,6.39,100,13.88333333,100,8.528333333,14.68333333
"Kalispell, MT Micro Area",2025,0,66.17333333,0,20.40333333,80.69,0,0,0,100,5.978333333,0,15.81666667,100,0,44.34333333
"Toledo, OH Metro Area",2025,0,27.04,0,4.443333333,63.75,100,0.6866666667,0.1683333333,100,9.353333333,100,29.22666667,0,0.115,74.24
"Oxnard-Thousand Oaks-Ventura, CA Metro Area",2025,0,37.4,12.84666667,13.33666667,61.7,100,0,0,100,3.87,100,20.86333333,100,7.731666667,64.21666667
"Sandusky, OH Micro Area",2025,8.193333333,44.86,0,12.06333333,70.73,0,0,0.4266666667,100,9.07,100,23.32333333,100,15.34666667,85.4
"Sheboygan, WI Metro Area",2025,2.373333333,41.21333333,2.06,12.96,65.06333333,100,1.9,1.366666667,100,7.443333333,100,23.36,100,14.27333333,71.17
"Charleston-North Charleston, SC Metro Area",2025,0,33.26333333,1.8,11.10333333,71.39333333,100,0,0.035,100,5.388333333,100,9.456666667,100,2.445,25.25333333
"Kennewick-Richland, WA Metro Area",2025,0,37.08666667,2.84,15.47333333,80.81333333,100,1.333333333,0.31,100,7.953333333,100,12.42666667,100,19.34,42.82666667
"Grants Pass, OR Metro Area",2025,0,31.28666667,0.5033333333,12.05,61.00666667,100,20.50333333,0,100,8.453333333,0,5.426666667,0,0,25.48333333
"Binghamton, NY Metro Area",2025,0,35.40333333,0.6133333333,10.27333333,65.93,100,1.68,0,100,8.23,0,8.033333333,100,0,27.63666667
"Manhattan, KS Metro Area",2025,0.2566666667,47.31166667,0,14.31666667,78.00666667,100,3.753333333,0.14,100,11.15166667,100,24.68,0,0,75.88666667
"Anniston-Oxford-Jacksonville, AL Metro Area",2025,0.985,46.58666667,0,13.29333333,73.54666667,100,1.023333333,0,100,7.5,0,16.98,100,0.2233333333,27.31
"Key West, FL Micro Area",2025,2.4,44.79333333,2.393333333,14.53333333,78.81333333,100,1.488333333,0.06166666667,100,9.253333333,100,14.15666667,100,0,51.82
"Mayag\u00FCez, PR Metro Area",2025,0,31.26,0.09833333333,9.373333333,73.88333333,100,0.67,0,100,13.24333333,10.5,12.39,100,0,31.92666667
"Montgomery, AL Metro Area",2025,2.72,38.17333333,0.1666666667,13.92333333,67.67666667,100,0.8433333333,0.04666666667,100,9.276666667,100,22.51333333,100,4.073333333,45.89666667
"Sierra Vista-Douglas, AZ Metro Area",2025,0,24.67,0.3433333333,9.92,56.18333333,100,8.183333333,0,100,5.386666667,100,8.09,100,0,10.68
"Hickory-Lenoir-Morganton, NC Metro Area",2025,0,56.53,0.02666666667,14.9,71.05333333,100,2.3,0.175,100,12.10333333,100,20.52,0,2.99,47.91
"Detroit-Warren-Dearborn, MI Metro Area",2025,2.023333333,30.46333333,0.6,9.68,68.99333333,100,0.6433333333,0.03333333333,100,8.866666667,0,18.16,100,1.843333333,39.18333333
"Arecibo, PR Metro Area",2025,2.103333333,33.76333333,0.59,12.85666667,64.61333333,100,0.8066666667,0.2633333333,100,10.9,100,7.346666667,100,6.666666667,47.01333333
"Houma-Thibodaux, LA Metro Area",2025,8.583333333,20.87666667,0.8533333333,7.5,62.52,100,0.56,0.3733333333,100,8.233333333,100,11.33,100,36.95333333,22.41666667
"Bellingham, WA Metro Area",2025,0,39.33333333,3.223333333,10.50666667,70.90666667,100,1.996666667,0,100,9.646666667,100,11.14,100,13.90666667,11.15
"Monroe, MI Metro Area",2025,1.36,28.27333333,0,11.09333333,61.52666667,0,0.79,0.21,100,10.37,100,13.11,100,5.52,19.61
"Erie, PA Metro Area",2025,2.545,39.01,0.4633333333,10.15666667,57.23666667,100,1.89,0.485,100,9.016666667,100,21.47333333,100,9.876666667,57.97666667
"Denver-Aurora-Lakewood, CO Metro Area",2025,2.56,45.47,0,14.69,71.9,0,0.7966666667,0,100,9.85,0,28.99666667,100,2.283333333,53.56333333
"Sunbury, PA Micro Area",2025,0,47.96333333,0,18.02,83.73,0,4.14,0,100,11.38,0,3.593333333,100,0,-18.05333333
"East Stroudsburg, PA Metro Area",2025,0,60.65666667,0,13.4,71.32,100,31.96833333,0,100,4.4,0,39.36333333,100,0,93.49333333
"Fayetteville-Springdale-Rogers, AR-MO Metro Area",2025,0,54.61666667,0.14,22.71,99.51666667,100,1.02,0,100,7.396666667,0,11.79,0,1.856666667,30.79333333
"Carbondale-Marion, IL Metro Area",2025,0.7333333333,34.69333333,0.4533333333,10.3,75,100,1.222222222,0.05555555556,100,4.713333333,0,19.33333333,100,4.844444444,76.53333333
"Dalton, GA Metro Area",2025,20.14,50.03333333,1.56,11.23333333,70.08666667,0,1.106666667,0,100,10.86666667,0,24.54666667,100,0,63.01
"Iowa City, IA Metro Area",2025,0,30.98666667,0,8.036666667,62.96,100,1.55,0,100,9.656666667,100,10.83333333,100,0.1233333333,32.97333333
"Muskegon, MI Metro Area",2025,2.948333333,39.98,0,13.11,59.64,100,0.6633333333,0.5316666667,100,10.23333333,100,21.08666667,100,8.271666667,50.82666667
"Orlando-Kissimmee-Sanford, FL Metro Area",2025,1.206666667,40.83,1.79,13.41333333,69.23,0,1.41,1.87,100,7.986666667,100,7.92,100,0,23.33666667
"Torrington, CT Micro Area",2025,0,37.91666667,0,9.663333333,63.9,100,1.483333333,0,100,9.913333333,0,17.76666667,0,0,80.01333333
"Muncie, IN Metro Area",2025,0.7666666667,45.38333333,0,12.19,67.84,100,0.13,0.3433333333,100,10.82666667,100,23.02,100,3.176666667,48.66
"Roseburg, OR Micro Area",2025,0,36.94,2.593333333,12.93666667,73.54333333,100,0.4566666667,0.24,100,5.596666667,100,18.24333333,100,29.88666667,46.32333333
"Minneapolis-St. Paul-Bloomington, MN-WI Metro Area",2025,3.451666667,57.79333333,0,13.51,69.75,0,0.7616666667,0,100,9.593333333,0,14.27666667,0,9.448333333,41.57333333
"Kahului-Wailuku-Lahaina, HI Metro Area",2025,0,41.11,0.3466666667,11.50666667,74.82666667,71.16666667,0,0.03666666667,100,4.303333333,58.46666667,14.69,100,5.715,49.79
"Greenville-Anderson-Mauldin, SC Metro Area",2025,1.356666667,43.36666667,0.57,15.95666667,73.80666667,100,1.146666667,0,100,3.353333333,26.4,17.22666667,100,0.7766666667,28.05666667
"Olympia-Tumwater, WA Metro Area",2025,0,39.42333333,0,14.57666667,79.19666667,100,0.8633333333,0,100,3.37,0,13.96666667,0,7.403333333,60.69666667
"Albuquerque, NM Metro Area",2025,0,36.39,0.22,7.99,61.41666667,100,0.8533333333,0.09833333333,100,8.593333333,0,20.97333333,0,0,33.63333333
"Bakersfield, CA Metro Area",2025,0,37.66333333,3.953333333,12.51666667,72.13,100,0.7966666667,0.3333333333,100,4.093333333,100,11.48666667,100,0,41.58333333
"Enid, OK Metro Area",2025,0,40.26666667,0.4766666667,11.66,65.98666667,100,1.096666667,0.4733333333,100,10.35,100,28.35,100,9.006666667,77.65333333
"Lansing-East Lansing, MI Metro Area",2025,0,46.58,0.105,7.763333333,61.27,100,0.84,0,100,10.07333333,0,28.36666667,0,2.568333333,58.48666667
"Buffalo-Cheektowaga-Niagara Falls, NY Metro Area",2025,2.843333333,43.3,0,15.25333333,78.00666667,100,0.625,0.34,100,6.31,0,17.43,100,31.26333333,60.05333333
"North Wilkesboro, NC Micro Area",2025,0,45.34,0.7133333333,11.78333333,65.49,100,1.293333333,0.92,100,8.273333333,100,4.323333333,100,0,11.80333333
"Whitewater-Elkhorn, WI Micro Area",2025,0.38,41.93333333,0.4033333333,9.176666667,68.33666667,100,1.06,0.56,100,11.41,100,6.803333333,100,4.085,23.27666667
"Hagerstown-Martinsburg, MD-WV Metro Area",2025,4.79,45.63,0.9233333333,14.46333333,75.55666667,100,0.2766666667,0.1066666667,100,4.623333333,100,21.43,100,19.43666667,59.62
"Topeka, KS Metro Area",2025,0,21.86333333,0.16,2.88,62.56333333,100,1.231666667,0.175,100,7.55,100,22.16666667,0,0.5933333333,72.93666667
"Boise City, ID Metro Area",2025,0,38.38333333,2.288333333,11.18,66.54,0,0.6433333333,0,100,7.523333333,0,16.30333333,0,6.373333333,32.03333333
"Bloomington, IL Metro Area",2025,0.3333333333,43.83666667,0.1666666667,14.91,67.47333333,0,0.83,0.13,100,9.94,6.933333333,11.16333333,95.03333333,0,22.78
"Harrisonburg, VA Metro Area",2025,0,36.06,0.4733333333,12.13,67.44333333,0,0.4133333333,0,100,3.643333333,0,10.40666667,0,0,45.25333333
"Rockford, IL Metro Area",2025,0,50.61333333,0,13.50333333,72.89,100,2.288888889,6,100,6.56,100,20.60666667,0,35.52222222,41.15
"Pocatello, ID Metro Area",2025,0,33.77,1.79,11.71666667,65.99333333,100,1.923333333,0.03,100,9.47,96.33333333,12.61333333,0,0,33.79333333
"Marion, OH Micro Area",2025,0.001666666667,32.58666667,0.97,12.28333333,65.1,100,2.008333333,0,100,3.606666667,0,13.90333333,100,0.08166666667,52.37333333
"Beaumont-Port Arthur, TX Metro Area",2025,0,36.95333333,0,14.09666667,66.19,100,2.576666667,0.1533333333,100,8.346666667,100,17.75666667,100,0.1733333333,37.24333333
"Bridgeport-Stamford-Norwalk, CT Metro Area",2025,0.1266666667,33.87666667,0,10.18,62.28666667,100,1.496666667,0.08,100,6.986666667,100,15.16,100,0,41.63
"Houston-The Woodlands-Sugar Land, TX Metro Area",2025,10.65,63.04,0,18.39,81.16,0,0.48,0,100,1.1,0,28.45,100,0.09,57.29
"Greensboro-High Point, NC Metro Area",2025,3.746666667,35.12333333,0.565,13.94666667,74.44666667,100,0,0,100,8.93,0,9.853333333,100,41.39666667,9.86
"Stillwater, OK Micro Area",2025,0,47.02666667,1.84,12.92,73.16666667,100,1.286666667,0,100,7.216666667,0,17.96,100,0,76.99333333
"Longview, TX Metro Area",2025,2.783333333,36.20333333,0.2766666667,14.14333333,71.26333333,100,0.66,2.516666667,100,8.656666667,100,10.49,100,18.56333333,28.58
"Decatur, IL Metro Area",2025,0.6466666667,34.47333333,0,12.86666667,75.84666667,100,1.693333333,0.04666666667,100,11.22333333,16.76666667,9.96,100,1.95,17.31333333
"Sebring, FL Metro Area",2025,0,25.81333333,0,6.853333333,67.47666667,100,0.37,0,100,5.766666667,0,7.11,0,0,26.48666667
"Vineland-Bridgeton, NJ Metro Area",2025,0.7183333333,41.85,0.8466666667,12.59,58.72,100,2.088333333,0.2133333333,100,4.903333333,100,7.743333333,100,0,32.56666667
"State College, PA Metro Area",2025,0,27.72333333,0,10.64666667,53.78666667,100,0,0,100,9.28,0,15.05,0,5.403333333,33.40666667
"Jefferson City, MO Metro Area",2025,0,49.27666667,0.2633333333,12.43,63.41666667,100,0.8933333333,0,100,2.136666667,100,24.45666667,100,2.24,53.98666667
"Glenwood Springs, CO Micro Area",2025,0.6733333333,44.28666667,0,9.67,69.60333333,100,1.316666667,0,100,5.6,8.8,8.976666667,100,0,-8.793333333
"Port Angeles, WA Micro Area",2025,0,27.28333333,0.4066666667,8.89,69.98666667,0,0,0,100,9.036666667,0,4.53,100,22.5,12.1
"Battle Creek, MI Metro Area",2025,2.476666667,40.40666667,3.15,11.35666667,69.44666667,100,2.29,0,100,9.103333333,82.83333333,14.91,100,8,30.54
"San Luis Obispo-Paso Robles-Arroyo Grande, CA Metro Area",2025,0,33.42666667,0.5533333333,10.47666667,82.98,100,0,0.1866666667,100,4.956666667,100,10.53,100,0,49.28
"Davenport-Moline-Rock Island, IA-IL Metro Area",2025,0.1333333333,32.15666667,0.9333333333,10.55333333,64.77333333,100,0.6233333333,0,100,16.59333333,0.8333333333,19.04,100,11.45333333,58.64666667
"Greenville, NC Metro Area",2025,0,36.43666667,1.133333333,11.8,72.72333333,100,0.4533333333,0,100,8.656666667,0,10.77,46.8,0,22.14
"Grand Island, NE Metro Area",2025,5.653333333,48.21,0,13.67666667,77.95333333,100,0.405,5.603333333,100,4.683333333,100,18.90666667,100,34.13666667,68.46333333
"Gulfport-Biloxi-Pascagoula, MS Metro Area",2025,6.673333333,50.91333333,1.396666667,17.06333333,79.19333333,100,0.9766666667,0.1066666667,100,2.993333333,100,28.03333333,100,24.75,69.63
"Joplin, MO Metro Area",2025,1.558333333,41.95666667,0.8633333333,12.84333333,71.25666667,100,1.038333333,0.1533333333,100,6.688333333,53.05,13.59,100,5.536666667,51.55
"Columbus, GA-AL Metro Area",2025,7.786666667,36.32333333,0.8733333333,12.32333333,71.84333333,100,0.5366666667,0.15,100,8.326666667,36.93333333,20.62333333,100,2.728333333,75.36333333
"The Villages, FL Metro Area",2025,13.20833333,38.1,0,5.076666667,67.28333333,100,0.07333333333,0.2216666667,100,10.46666667,100,33.22333333,100,0,85.18333333
"Indiana, PA Micro Area",2025,0,38.35,0,12.29333333,64.50333333,100,0.755,0,100,7.923333333,0,24.94666667,100,0,63.21333333
"Greenwood, SC Micro Area",2025,2.53,44.07,1.826666667,14.03,70.73666667,100,0.85,0.1066666667,100,1.596666667,100,21.15666667,100,22.95333333,46.79
"Jacksonville, NC Metro Area",2025,3.32,33.81,2.38,9.486666667,71.27333333,100,0.3466666667,0.445,100,10.79333333,100,9.936666667,100,10.57833333,17.41333333
"Pinehurst-Southern Pines, NC Micro Area",2025,4.33,26.04666667,1.683333333,10.68,65.58333333,0,0.02666666667,0.74,100,8.496666667,100,19.77333333,100,7.73,33.97666667
"Appleton, WI Metro Area",2025,1.461666667,49.19333333,0,13.21,67.58333333,100,0.735,0.2266666667,100,10.32666667,100,17.25666667,100,0.7416666667,44.11333333
"Wooster, OH Micro Area",2025,0,49.44,0.82,15.26333333,73.96,100,2.556666667,0,100,5.5,31.53333333,20.64333333,0,0,30.07666667
"Logan, UT-ID Metro Area",2025,2.443333333,43.95333333,0,14.74333333,80.42666667,100,1.131666667,0.2133333333,100,7.15,100,12.10666667,100,1.866666667,25.30333333
"Hattiesburg, MS Metro Area",2025,0,44.54666667,0.3033333333,12.64333333,64.39333333,100,9.553333333,0,100,10.87,0,22.6,0,0,61.06
"Marquette, MI Micro Area",2025,0,27.03,1.966666667,9.193333333,61.05333333,100,0,0.02333333333,100,2.48,14.23333333,6.84,100,0,13.94333333
"Midland, MI Metro Area",2025,0,32.53,0,9.733333333,56.35666667,0,0,0,100,9.31,0,7.433333333,100,0.99,34.97333333
"Midland, TX Metro Area",2025,0,44.79666667,0,10.47,53.04666667,100,0.5466666667,0,100,9.716666667,0,7.516666667,100,2.111666667,31.19666667
"New Bern, NC Metro Area",2025,2.863333333,27.26,1.056666667,6.706666667,66.20666667,100,0.3,0.14,100,3.493333333,69.06666667,10.61333333,100,5.346666667,58.27666667
"Roanoke Rapids, NC Micro Area",2025,2.563333333,34.82,0.51,16.28666667,74.96,0,0.04,0,100,7.103333333,0,9.416666667,100,38.28,33.81333333
"Milwaukee-Waukesha-West Allis, WI Metro Area",2025,1.875,51.26333333,0,12.58,69.65,0,1.051666667,0.01666666667,100,8.02,0,12.60333333,100,9.355,32.44
"Youngstown-Warren-Boardman, OH-PA Metro Area",2025,0,45.79,0.7366666667,14.20666667,79.21333333,100,1.2,0,100,8.073333333,0,7.463333333,0,0,19.40666667
"Pensacola-Ferry Pass-Brent, FL Metro Area",2025,2.7,42.39333333,1.53,16.50333333,75.49666667,100,0.6366666667,0.02,100,4.073333333,46.1,13.25,100,27.66333333,16.70333333
"Springfield, IL Metro Area",2025,2.505,48.99333333,1.733333333,14.66333333,56.25,100,47.78166667,0.035,100,8.373333333,71.43333333,27.40666667,100,0.4983333333,62.17
"Gettysburg, PA Metro Area",2025,0,29.37333333,0.2433333333,11.33666667,62.54,57,0.3033333333,0,100,7.963333333,0,18.69666667,0,0,60.06333333
"Eugene, OR Metro Area",2025,1.721666667,33.09333333,0.65,11.21,67.42666667,100,0.5966666667,1.131666667,100,4.96,100,9.456666667,100,33.075,38.51666667
"St. Cloud, MN Metro Area",2025,3.923333333,40.56333333,0,12.66666667,69.72333333,0,0,1.296666667,100,9.563333333,100,16.36,100,7.13,67.98
"Jefferson, GA Micro Area",2025,0,42.02,1.823333333,10.95333333,63.65333333,100,0.7933333333,0,100,4.91,40.18333333,8.793333333,100,0.6433333333,26.52
"Branson, MO Micro Area",2025,0,39.17333333,0.8166666667,11.71666667,68.01333333,100,0.72,0,100,5.046666667,0,7.04,100,0.58,38.45666667
"Nashville-Davidson--Murfreesboro--Franklin, TN Metro Area",2025,5.93,35.25,0,7.796666667,75.30666667,0,0,0.3266666667,100,4.776666667,100,15.51333333,100,11.37666667,50.71333333
"Portsmouth, OH Micro Area",2025,0,25.39666667,0.63,8.963333333,70.15333333,100,0,0,100,8.553333333,75.5,0.6233333333,100,0,-0.56
"Kokomo, IN Metro Area",2025,0,37.87,0,10.18,74.94333333,0,20.28666667,0.085,100,9.813333333,16.5,7.196666667,0,0.2583333333,21.31666667
"Yuba City, CA Metro Area",2025,0,38.79333333,1.79,13.27333333,76.4,100,1.253333333,0,100,6.133333333,0,8.653333333,0,0,36.69333333
"Racine, WI Metro Area",2025,0,32.77,3.516666667,8.1,63.69666667,100,0.21,0.05333333333,100,8.346666667,100,12.34666667,100,4.741666667,11.9
"Salt Lake City, UT Metro Area",2025,0,31.78,0.1866666667,8.93,69.49666667,100,0.1616666667,0,100,5.29,0,6.723333333,100,0,40.13
"Florence-Muscle Shoals, AL Metro Area",2025,0.6733333333,38.91333333,0,10.18333333,68.55333333,0,0.5216666667,0.003333333333,100,6.703333333,0,13.95,100,0,31.22666667
"Norwich-New London, CT Metro Area",2025,0,44.61333333,0,9.886666667,68.65,77.35,0.5433333333,0.4416666667,100,8,81.06666667,14.71666667,100,0,42.45666667
"Muskogee, OK Micro Area",2025,0.39,35.96666667,0,10.96,56.78,100,0.6683333333,0,100,13.04666667,100,22.01333333,100,3.203333333,59.75666667
"Owensboro, KY Metro Area",2025,4.13,45.64666667,0.7033333333,11.37,71.86666667,0,1.59,0.25,100,13.8,55.63333333,12.61666667,11.86666667,6.853333333,32.98333333
"Eau Claire, WI Metro Area",2025,0,59.02333333,0,12.47,63.24,100,22.37,0,100,5.193333333,0,33.56,0,0,77.54333333
"Tucson, AZ Metro Area",2025,0,39.27333333,0.6833333333,9.786666667,79.02333333,0,0.39,0.3033333333,100,5.92,81.26666667,16.51666667,100,9.943333333,65.01
"San Antonio-New Braunfels, TX Metro Area",2025,2.036666667,33.12,0,11.37333333,72.08666667,0,0.585,0.4166666667,100,4.3,100,14.12333333,100,12.33333333,46.25666667
"Guayama, PR Metro Area",2025,2.344444444,27.24333333,0.965,5.87,64.27,100,1.933333333,0.01111111111,100,7.148333333,81.27777778,12.92,100,3.555555556,46.5
"Reno, NV Metro Area",2025,0,40.01666667,0,14.53,80.63,0,0.7666666667,0,100,4.146666667,0,12.06333333,100,20.64333333,61.06666667
"Warsaw, IN Micro Area",2025,0,44.4,1.53,13.96666667,71.09666667,100,1.613333333,0,100,6.403333333,0,12.57,100,0.2833333333,12.75333333
"Sioux Falls, SD Metro Area",2025,0,48.62666667,3.376666667,10.96333333,58.54666667,100,4.15,0.21,100,7.756666667,100,29.2,100,0.5933333333,39.53333333
"Faribault-Northfield, MN Micro Area",2025,0.003333333333,49.83,0,15.91333333,68.76,100,100,0,100,10.12666667,16,16.48333333,100,0,23.65666667
"Merced, CA Metro Area",2025,0,30.93666667,0,13.77666667,71.67,0,0,0,100,5.32,0,6.863333333,100,45.72666667,39
"Missoula, MT Metro Area",2025,2.696666667,48.79,0,11.18,67.68333333,100,0.1533333333,0.01333333333,100,8.923333333,100,17.70333333,100,5.266666667,51.23666667
"Burlington-South Burlington, VT Metro Area",2025,0,40.4,0,11.02,66.84,100,1.553333333,0,100,10.57666667,0,26.45,100,3.513333333,68.51666667
"Bangor, ME Metro Area",2025,0,32.42,0,10.34,58.08666667,0,0.1133333333,0,100,8.3,0,14.57333333,0,0,17.68
"Pittsfield, MA Metro Area",2025,0,40.49333333,0,9.253333333,65.23,0,1.165,0.245,100,8.033333333,0,22.86666667,0,0,30.88666667
"Albertville, AL Micro Area",2025,0,35.40666667,0,7.836666667,65.09333333,100,0.5816666667,0,100,7.873333333,0,19.33333333,0,25.075,31.93666667
"Duluth, MN-WI Metro Area",2025,0,40.74333333,0.7066666667,10.92,50.43333333,100,1.583333333,0,100,8.983333333,0,6.97,100,0,8.003333333
"Hobbs, NM Micro Area",2025,0,31.19666667,0,10.90666667,66.26333333,100,1.69,0,100,9.375,100,8.69,100,0.1033333333,22.91333333
"Concord, NH Micro Area",2025,0,45.61,0,12.71,65.58,100,1.101666667,0,100,8.2,0,11.97333333,0,0,35.72333333
"York-Hanover, PA Metro Area",2025,0,44.86333333,0.76,14.16,77.36666667,100,0.9566666667,0,100,6.4,0,10.09333333,0,0,29.62
"Sevierville, TN Micro Area",2025,1.163333333,30.05333333,0.6833333333,8.02,62.81333333,100,0.63,0.1466666667,100,3.506666667,100,14.47666667,100,5.206666667,62.84333333
"Omaha-Council Bluffs, NE-IA Metro Area",2025,0,43.05333333,1.246666667,13.66666667,75.19,100,0.51,0,100,3.683333333,0,18.9,0,20.66666667,77.42666667
"Scranton--Wilkes-Barre--Hazleton, PA Metro Area",2025,0.7666666667,48.54333333,0,11.38,78.32666667,100,0.6933333333,0,100,8.25,0,21.96,100,0,69.25333333
"Ashtabula, OH Micro Area",2025,0,19.30666667,1.563333333,10.95,63.82666667,100,1.033333333,0.1666666667,100,14.08333333,100,2.79,100,0,38.50666667
"Searcy, AR Micro Area",2025,1.815,38.48,0.2766666667,13.04333333,78.99,100,1.125,0,100,6.17,0,23.24,100,0,59.18333333
"Santa Maria-Santa Barbara, CA Metro Area",2025,4.63,50.81,0,14.42,76.04333333,0,0,0,100,4.91,0,14.71,100,0.3716666667,32.39333333
"Green Bay, WI Metro Area",2025,0,49.55333333,0.3333333333,17.72666667,69.81666667,100,0.28,0,100,8.67,100,11.67666667,100,0,30.03333333
"Louisville\/Jefferson County, KY-IN Metro Area",2025,2.05,37.28333333,0,12.93,75.74666667,0,17.145,0,100,6.65,0,5.48,0,1.466666667,6.773333333
"Johnson City, TN Metro Area",2025,0,45.18333333,0.5083333333,12.74666667,62.05666667,100,0.9133333333,0,100,5.593333333,0,25.69333333,100,6.24,49.93666667
"Blacksburg-Christiansburg-Radford, VA Metro Area",2025,3.07,27.17666667,0.05333333333,10.6,68.07333333,100,0.5766666667,0,100,5.91,7.066666667,17.02,100,14.20333333,39.89666667
"Fargo, ND-MN Metro Area",2025,0.69,55.54333333,0.03666666667,20.09333333,86.03,100,48.15,0,100,10.11666667,8,10.02666667,100,2.2,8.756666667
"Phoenix-Mesa-Scottsdale, AZ Metro Area",2025,8.41,43.82333333,0,11.71,74.67333333,0,0,0.84,100,9.046666667,100,22.71333333,0,22.70666667,51.15333333
"Jamestown-Dunkirk-Fredonia, NY Micro Area",2025,0,35.73666667,3.763333333,9,65.10666667,100,0.53,0,100,8.143333333,0,10.58,100,2.973333333,24.97666667
"Atlantic City-Hammonton, NJ Metro Area",2025,0,40.64,0,10.53666667,60.07666667,0,0.94,0,100,6.716666667,0,12.15666667,0,0,62.12
"Orangeburg, SC Micro Area",2025,0,43.81333333,0,12.20666667,74.86333333,0,0.7333333333,0.4216666667,100,7.406666667,75.6,3.67,0,0,17.31333333
"Russellville, AR Micro Area",2025,0,29.61666667,1.836666667,7.523333333,65.87,100,0.1933333333,0.1266666667,100,6.233333333,100,10.25666667,0,11.86666667,47.01333333
"Homosassa Springs, FL Metro Area",2025,0,24.36666667,2.036666667,7.323333333,51.3,0,0.8216666667,0,100,8.986666667,0,6.406666667,0,0,10.95666667
"Waco, TX Metro Area",2025,0,36.37333333,1.098333333,11.49666667,62.54666667,100,0.89,0,100,5.431666667,0,11.91333333,100,5.826666667,5.656666667
"Cumberland, MD-WV Metro Area",2025,0,39.97,1.5,9.903333333,53.36666667,100,0.6266666667,0,100,10.95,0,12.62666667,100,0,49.72666667
"Wisconsin Rapids-Marshfield, WI Micro Area",2025,0,49.47666667,0.1633333333,13.91666667,72.44333333,100,0.8883333333,0,100,5.633333333,0,23.89333333,0,0.1166666667,22.93666667
"Ottawa-Peru, IL Micro Area",2025,2.393333333,45.14,1.19,11.53666667,75.52666667,0,2.6,0.2466666667,100,12.02666667,70.76666667,11.01,0,13.36,27.97333333
"Grand Junction, CO Metro Area",2025,1.388333333,40.47666667,0,12.18,66.59,100,38.37,0,100,10.44666667,100,13.36666667,100,0,51.23
"Casper, WY Metro Area",2025,1.886666667,44.13666667,4.173333333,11.31,74.32333333,100,1.153333333,0,100,7.873333333,100,24.22333333,100,7.64,52.94333333
"Opelousas, LA Micro Area",2025,0,37.25,1.516666667,13.47,73.76333333,100,0.5966666667,0.045,100,4.383333333,26.11666667,21.52666667,0,22.76666667,68.84
"Chicago-Naperville-Elgin, IL-IN-WI Metro Area",2025,3.118333333,48.71,0,15.64333333,78.58,19.3,0.5,0.5716666667,100,5.376666667,100,23.73666667,100,15.84166667,47.03
"Hanford-Corcoran, CA Metro Area",2025,0,35.99333333,0,13.87333333,72.84,0,0,0.56,100,3.823333333,100,-0.6133333333,100,0,8.14
"Hermiston-Pendleton, OR Micro Area",2025,0,55.54666667,0.4466666667,15.45333333,73.40333333,100,15.98166667,0.175,100,15.32,100,26.3,100,5.233333333,68.50666667
"Carson City, NV Metro Area",2025,0,45.54333333,0,12.35333333,79.59333333,100,0.4666666667,0,100,4.976666667,7.111111111,25.55666667,100,4.033333333,80.04666667
"Marion, IN Micro Area",2025,0,44.3,1.1,5.9,55,100,14.4,0,54.3,11.5,0,32.3,0,4.1,18.9
"Fort Collins, CO Metro Area",2025,2.393333333,38.3,0.7033333333,9.966666667,80.16333333,100,1.25,3.253333333,100,7.813333333,100,18.69333333,100,14.45666667,47.40333333
"Albany, OR Metro Area",2025,1.816666667,29.49333333,0.4433333333,9.636666667,75.55666667,100,0.5083333333,0,100,3.63,0,1.26,100,48.855,16.52333333
"Manchester-Nashua, NH Metro Area",2025,0,51.96666667,0,16.91333333,80.87333333,100,2.253333333,0.3966666667,100,4.516666667,100,31.98666667,100,9.816666667,76.06666667
"Texarkana, TX-AR Metro Area",2025,14.16833333,43.73666667,0,11.63,72.04666667,0,0,0.04,100,9.736666667,7.066666667,21.84333333,100,0,51.62666667
"New Castle, PA Micro Area",2025,0,22.34333333,2.11,6.096666667,60.69333333,100,1.256666667,0,100,4.17,50.7,5.78,100,0,26.41666667
"Talladega-Sylacauga, AL Micro Area",2025,0,43.75,0,12.77666667,73.58333333,27.05,0.7733333333,0,100,11.03333333,0,10.14333333,0,0,47.16333333
"Yakima, WA Metro Area",2025,0,44.84,0.4516666667,15.10666667,75.37666667,100,1.386666667,0,100,6.461666667,0,8.253333333,0,0,35.47
"Idaho Falls, ID Metro Area",2025,0.04,43.88666667,0,14.57333333,72.15666667,100,0.665,0,100,8.22,0,45.48666667,100,0.945,87.53333333
"Mobile, AL Metro Area",2025,3.101666667,40.79333333,0.5216666667,10.95666667,75.54,100,0.2616666667,0.085,100,8.048333333,100,28.78,100,20.88333333,58.42
"Martinsville, VA Micro Area",2025,0,34.29,1.51,7.626666667,69.59,100,0.1033333333,0,100,13.86666667,0,17.93333333,100,0,29.86
"Seattle-Tacoma-Bellevue, WA Metro Area",2025,0.275,38.38,0,13.78666667,83.00666667,100,1.03,0,100,6.623333333,0,17.90333333,0,0,37.93
"Shelby, NC Micro Area",2025,0.08,30.27,2.323333333,10.76666667,67.04666667,100,2.046666667,1.263333333,100,9.436666667,100,20.67333333,100,12.35333333,53.76666667
"Paducah, KY-IL Micro Area",2025,0,40.66333333,12.08333333,14.4,66.22666667,100,0,0,100,5.316666667,100,16.42333333,100,6.671666667,76.48333333
"Mount Pleasant, MI Micro Area",2025,0,52.06,0,12.50333333,63.44,100,1.381666667,0,100,3.576666667,0,33.18,0,0,61.08
"Dunn, NC Micro Area",2025,0,41.43666667,0.66,12.20666667,58.38,100,1.008333333,0,100,8.43,100,13.06666667,100,0,24.24
"Springfield, MA Metro Area",2025,3.636666667,43.82333333,1.213333333,17.85,58.03,100,1.303333333,0,100,8.73,0,21.44666667,100,0,56.85
"Durham-Chapel Hill, NC Metro Area",2025,0,44.02,0,11.81,62.49333333,100,1.785,0,100,6.22,100,15.23666667,100,0,49.30333333
"Coos Bay, OR Micro Area",2025,0,36.17666667,0.6166666667,8.546666667,68.55,100,0.8,0.04333333333,100,8.05,56.18333333,6.633333333,100,0,48.88
"Worcester, MA-CT Metro Area",2025,0,47.13333333,0.7,15.20666667,75.49666667,100,1.576666667,0,100,4.36,0,12.09,0,0,25.13666667
"Des Moines-West Des Moines, IA Metro Area",2025,1.37,48.88,0,15.10333333,70.51333333,0,0.57,0.24,100,10.16,38.6,22.48666667,100,2.266666667,36.07333333
"Morgantown, WV Metro Area",2025,7.71,45.74666667,0,13.85666667,83.68666667,13.13333333,0.01,0,100,6.996666667,0,22.63333333,100,1.733333333,90.57333333
"Truckee-Grass Valley, CA Micro Area",2025,0,39.54,0,8.71,74.18666667,100,0.9266666667,0.1866666667,100,9.103333333,88.46666667,18.3,100,0,65.03666667
"Palm Bay-Melbourne-Titusville, FL Metro Area",2025,1.796666667,37.54333333,0.1966666667,15.23333333,74.52,100,0.7166666667,0.2533333333,100,7.386666667,100,6.703333333,100,7.04,42.69
"Mount Airy, NC Micro Area",2025,1.69,55.78666667,0.44,14.25,59.41333333,36.05,1.925,0.265,100,4.066666667,100,45.16333333,100,0,97.26
"Gainesville, GA Metro Area",2025,0,30.98333333,0,9.003333333,61.3,100,1.021666667,0.385,100,8.333333333,100,24.41666667,100,10.25333333,57.71
"Roanoke, VA Metro Area",2025,4.126666667,50.86333333,0.18,18.29666667,79.54,0,0,0,100,6.043333333,0,18.61,100,81.35,53.44333333
"Terre Haute, IN Metro Area",2025,20.47333333,50.08333333,0,14.61333333,86.10666667,0,0.03,0.02666666667,100,10.78333333,0,14.29,100,0,52.01
"Lubbock, TX Metro Area",2025,5.446666667,41.78,0,14.35666667,80.47333333,0,11.34,0,100,5.75,0,8.943333333,100,5.23,26.68
"Tuscaloosa, AL Metro Area",2025,2.963333333,40.98333333,1.85,12.18666667,58.55333333,100,1.151666667,0.6933333333,100,7.826666667,100,16.98,100,12.875,32.54
"Chambersburg-Waynesboro, PA Metro Area",2025,0,43.21,1.505,12.98333333,58.07666667,100,1.11,0,100,5.586666667,100,7.76,100,0,14.03333333
"Helena, MT Micro Area",2025,0,51.9,0,12.94333333,65.71666667,100,10.66666667,0.08,100,13.81666667,0,26.93,0,0,61.68333333
"DuBois, PA Micro Area",2025,0,31.96,0.6466666667,9.45,69.28666667,100,2.018333333,0,100,11.16666667,0,7.393333333,100,0,15.72666667
"Sioux City, IA-NE-SD Metro Area",2025,0,32.99333333,3.88,10.49,59.60333333,100,4.375,0,100,7.45,100,12.35666667,100,0,15.45333333
"Lancaster, PA Metro Area",2025,0,33.23333333,0.8066666667,6.473333333,63.81,100,1.1,0,100,5.966666667,0,10.57666667,0,9.253333333,12.6
"Charlotte-Concord-Gastonia, NC-SC Metro Area",2025,3.723333333,40.40666667,0,14.88333333,79.88,100,2.346666667,3.223333333,100,6.45,100,20.35333333,100,47.26666667,38.24333333
"Rome, GA Metro Area",2025,3.455,46.77,1.77,16.13333333,82.39333333,100,0.5916666667,4.428333333,100,6.72,100,18.85,100,44.65166667,52.57666667
"Shawnee, OK Micro Area",2025,3.308333333,40.07,1.466666667,9.996666667,59.05333333,100,1.526666667,1.423333333,100,6.73,100,22.87,100,15.05,81.94
"El Centro, CA Metro Area",2025,0,51.47,0,13.56666667,64.44333333,100,22.16666667,0,100,7.956666667,0,27.62666667,100,0,57.42
"Redding, CA Metro Area",2025,0,46.61666667,0.4433333333,13.35,79.04666667,0,0.7266666667,0,100,4.146666667,100,14.56666667,100,1.753333333,73.48333333
"Hinesville, GA Metro Area",2025,2.661666667,33,0.9933333333,6.58,69.86,0,0,1.795,100,5.036666667,100,8.476666667,100,21.42,32.38333333
"Anchorage, AK Metro Area",2025,0,48.73,0,14.37333333,81.47,24.86666667,0.465,0,100,9.21,0,22.10333333,0,0,68.51666667
"Bend-Redmond, OR Metro Area",2025,0,39.88333333,1.763333333,8.936666667,73.75,100,1.948333333,0.2133333333,100,10.43333333,100,7.043333333,0,8.608333333,6.226666667
"Monroe, LA Metro Area",2025,3.513333333,30.55333333,0,12.77,76.52,0,0.3983333333,0.3133333333,100,8.203333333,100,16.91333333,100,23.375,29.5
"Stockton-Lodi, CA Metro Area",2025,0,51.57333333,1.583333333,17.95333333,84.09666667,100,2.523333333,0.1966666667,100,8.376666667,84.6,15.31,100,0,40.90333333
"Brownsville-Harlingen, TX Metro Area",2025,0.3916666667,42.77,0,13.41,63.61333333,100,1.806666667,0.05333333333,100,8.533333333,100,20.93666667,100,0,27.08666667
"Chillicothe, OH Micro Area",2025,0,32.94666667,0.3333333333,10.31,68.91666667,100,0.5166666667,0.09666666667,100,13.19,100,14.88666667,100,12.89333333,30.20666667
"Miami-Fort Lauderdale-West Palm Beach, FL Metro Area",2025,4.11,26.81666667,0.4833333333,12.00333333,65.3,100,0,0.5966666667,100,7.558333333,100,12.46333333,100,2.58,45.34
"Sumter, SC Metro Area",2025,0,56.26666667,0,21.76,95.01666667,0,4.118333333,0.2,100,9.21,78.35,7.906666667,100,0,1.783333333
"Hartford-West Hartford-East Hartford, CT Metro Area",2025,0,46.94,0,11.94666667,63.28666667,0,0.23,0,100,7.156666667,0,21.46666667,0,0,50.08
"Flint, MI Metro Area",2025,0,45.93333333,0,11.67666667,75.76666667,100,1.156666667,0.02333333333,100,7.026666667,100,18.44666667,100,0.04333333333,57.17
"Athens, TX Micro Area",2025,0,26.05,1.763333333,12.14333333,70.34333333,100,0.9683333333,0.6833333333,100,12.96333333,100,18.22333333,100,3.053333333,55.77
"Tallahassee, FL Metro Area",2025,5.108333333,42.81666667,0,16.13333333,83.71,83.95,0.6633333333,0,100,11.06333333,0,11.03,0,0,54.69
"LaGrange, GA Micro Area",2025,11.64333333,46.40333333,2.333333333,17.88666667,77.89333333,100,23.4,0.32,100,12.96,100,26.53333333,100,10.335,71.06666667
"Greenfield Town, MA Micro Area",2025,2.803333333,36.36333333,0.7466666667,12.10333333,68.53666667,100,0,0,100,12.145,0,13.43333333,100,41.56,31.79666667
"Santa Rosa, CA Metro Area",2025,6.626666667,51.69333333,0,11.90666667,79.13666667,0,0,0,100,9.113333333,0,16.93333333,100,0.6433333333,55.38666667
"Elizabeth City, NC Micro Area",2025,0.99,42.83666667,0.05333333333,15.75666667,80.63,100,0,0,100,8.843333333,0,7.313333333,100,0,44.60333333
"Hilo, HI Micro Area",2025,0,44.87666667,0.6233333333,13.70666667,72.92333333,100,0,1.173333333,100,7.803333333,100,11.86,100,6.27,25.43
"Lake Charles, LA Metro Area",2025,1.1,44.58333333,2.191666667,15.77333333,76.96666667,100,34.47,0.48,100,7.688333333,100,21.42666667,100,12.385,32.59333333
"Auburn-Opelika, AL Metro Area",2025,0,42.71333333,0,12.05,60.68333333,0,1.066666667,0.7833333333,100,7.291666667,100,16.97666667,100,3.21,56.25333333
"Ocala, FL Metro Area",2025,0,30.62333333,0,8.273333333,69.2,100,0.3,0,100,8.873333333,0,19.08,0,14.71333333,40.30666667
"Twin Falls, ID Metro Area",2025,0,47.61333333,0,11.05333333,74.12666667,100,0,4.443333333,100,9.73,100,19.64,100,12.42,37.22333333
"Tulsa, OK Metro Area",2025,2.718333333,37.38666667,1.416666667,12.39333333,69.10333333,0,0.6716666667,0.2283333333,100,7.303333333,100,16.41,100,24.48,31.02
"Washington-Arlington-Alexandria, DC-VA-MD-WV Metro Area",2025,0,47.65333333,0,12.11333333,81.26,0,0,2.01,100,8.053333333,100,19.72333333,0,7.26,47.97333333
"Lewiston-Auburn, ME Metro Area",2025,0.7633333333,36.21666667,0,10.24,67.33666667,0,0.8466666667,0,100,7.98,0,14.33333333,100,0,28.01
"California-Lexington Park, MD Metro Area",2025,0,49.14,0,10.93333333,64.23333333,100,1.003333333,0.02,100,15.23666667,100,28.92666667,100,0,58.96
"Lake Havasu City-Kingman, AZ Metro Area",2025,0,30.9,1.118333333,8.113333333,60.05,100,1.516666667,0.07,100,7.456666667,100,4.996666667,100,0,1.273333333
"Johnstown, PA Metro Area",2025,1.781666667,44.52,0.3166666667,12.92333333,63.82333333,100,0.6066666667,0,100,7.543333333,0,25.47333333,100,13.215,69.69666667
"Longview, WA Metro Area",2025,0.715,32.84666667,0.6666666667,12.60666667,68.87,100,0.4516666667,3.088333333,100,8.37,100,9.26,100,22.77333333,19.61333333
"Lebanon, PA Metro Area",2025,0,35.02,1.913333333,12.30666667,75.30333333,100,1.058333333,0,100,8.866666667,100,15.22666667,100,0,56.40666667
"Florence, SC Metro Area",2025,0,32.45,0,10.62666667,72.7,100,0.8666666667,0.01666666667,100,5.423333333,100,10.98,0,0,34.71333333
"Laredo, TX Metro Area",2025,0,43.4,0,9.113333333,61.43,100,0.555,0,100,8.826666667,0,22.97666667,0,0,45.93
"Myrtle Beach-Conway-North Myrtle Beach, SC-NC Metro Area",2025,0,36.26333333,0.37,7.653333333,56.41,100,0.86,0.105,100,12.89,100,18.07666667,100,3.461666667,52.57
"Bismarck, ND Metro Area",2025,3.123333333,26.19,0,9.073333333,65.05,100,0.6433333333,0,100,5.33,0,10.81333333,100,9.776666667,29.33
"Warner Robins, GA Metro Area",2025,0,34.07333333,0.9533333333,13.04333333,77.60333333,100,0.8833333333,0.02333333333,100,7.016666667,59.13333333,14.14333333,100,11.23,28.25333333
"Danville, VA Micro Area",2025,24.71833333,42.06,0,12.13666667,78.96,100,1.111666667,0.4483333333,100,6.416666667,100,34.77333333,100,22.15833333,86.89
"Charlottesville, VA Metro Area",2025,2.85,38.45,0,13.64666667,76.04666667,62.36666667,1.433333333,2.623333333,100,4.58,100,21.75,100,44.01,47.28666667
"Rochester, NY Metro Area",2025,0,39.04333333,0,11.72,67.4,100,1.83,0,100,4.12,0,22.07,100,0,28.74
"Corpus Christi, TX Metro Area",2025,0,36.13333333,0.8566666667,9.443333333,73.67333333,29.63333333,0.5083333333,0,100,10.09333333,0,8.216666667,0,0,40.14
"St. George, UT Metro Area",2025,0.1983333333,34.4,0,8.206666667,59.97666667,100,0,0.2083333333,100,11.28333333,100,12.48,100,3.195,65.19
"Ocean City, NJ Metro Area",2025,0,31.21,0,3.943333333,56.30666667,100,0.37,0,100,8.303333333,0,26.46666667,100,7.756666667,59.67666667
"Oak Harbor, WA Micro Area",2025,0,40.77,0,10.23666667,68.80666667,0,1.396666667,0,100,9.996666667,0,13.68333333,0,13.50666667,14.92333333
"San Germ\u00E1n, PR Metro Area",2025,5.9,24.32333333,0,7.94,56.95,0,0,0.09333333333,100,17.53,0,7.133333333,100,10.96,26.99
"Corning, NY Micro Area",2025,0,37.97333333,0.9333333333,9.456666667,67.1,100,0.45,0,100,8.246666667,0,7.78,100,0,49.85333333
"Harrisburg-Carlisle, PA Metro Area",2025,0,38.32,0,13.44333333,72.32666667,0,0.355,0,100,4.243333333,0,7.906666667,0,0,28.03
"Quincy, IL-MO Micro Area",2025,0,36.61333333,0.35,9.416666667,71.42333333,100,1.045,0,100,6.573333333,63.66666667,9.61,100,0,10.67333333
"San Juan-Carolina-Caguas, PR Metro Area",2025,6.586666667,24.64333333,0,8.936666667,65.18666667,0,0,1.155,100,13.26,100,10.23,100,18.91166667,28.66666667
"Sherman-Denison, TX Metro Area",2025,0,22.04666667,2.43,5.07,64.98666667,100,0.9283333333,0.21,100,8.31,100,4.693333333,100,5.625,24.88333333
"Lincoln, NE Metro Area",2025,4.773333333,52.09,0.3433333333,16.28,80.78,34.1,1.45,0.3833333333,100,8.306666667,100,18.78,100,9.586666667,54.93
"Salinas, CA Metro Area",2025,0,37.59333333,0.1033333333,12.93333333,77.39666667,100,0.1383333333,0.785,100,5.7,100,11.70333333,100,1.856666667,51.24333333
"Stevens Point, WI Micro Area",2025,0,40.04333333,2.126666667,10.58333333,72.15666667,100,0.9166666667,1.471666667,100,8.233333333,100,18.87666667,100,3.6,88.85666667
"Huntsville, AL Metro Area",2025,5.926666667,46.20666667,0.04666666667,14.19333333,75.25,1.566666667,0.7466666667,0.05,100,6.91,0,16.31333333,100,11.09,48.32666667
"Staunton-Waynesboro, VA Metro Area",2025,0,34.37666667,0,11.06666667,72.35666667,0,0,0.3183333333,100,9.623333333,100,14.78333333,0,0,69.18333333
"Riverside-San Bernardino-Ontario, CA Metro Area",2025,0,54.82333333,0.4266666667,17.63666667,79.45,0,0,0,100,6.003333333,0,24.51,0,0,50.38
"Augusta-Richmond County, GA-SC Metro Area",2025,3.403333333,53.27,0,14.57333333,65.96666667,0,1.093333333,1.586666667,100,6.868333333,100,23.49666667,100,12.77333333,36.3
"Columbus, IN Metro Area",2025,7.203333333,39.14666667,1.076666667,11.58666667,65.18666667,100,0.7366666667,0.02333333333,100,10.01,23.8,23.48333333,100,2.03,77.33
"Macon-Bibb County, GA Metro Area",2025,3.246666667,27.05333333,0.1533333333,10.29666667,71.69,100,20.38833333,0.09333333333,100,11.03,100,23.38333333,100,18.40166667,51.44
"Fayetteville, NC Metro Area",2025,0,45.77333333,0.3866666667,18.27333333,100,100,1.063333333,0,100,13.6,0,11.68666667,0,2.04,20.34666667
"Dayton, OH Metro Area",2025,0.5566666667,38.71666667,0.19,12.13666667,69.37666667,100,0.8333333333,0,100,19.50666667,0,12.46,93.9,0,23.05
"Beaver Dam, WI Micro Area",2025,0,45.61333333,0,14.13,65.11,100,2.656666667,0.24,100,9.176666667,100,19.51666667,100,0,41.57666667
"Kalamazoo-Portage, MI Metro Area",2025,0.9333333333,58.77333333,0,15.11333333,75.95333333,100,1.956666667,0,100,8.351666667,0,15.13666667,29.3,0,42.96
"Dothan, AL Metro Area",2025,0.68,43.65333333,0,14.1,77.27333333,0,0.365,0.24,100,12.42666667,80.85,23.68666667,0,2.718333333,31.96333333
"Marshall, TX Micro Area",2025,0,37.58666667,1.916666667,9.293333333,66.12333333,100,0,0,100,9.53,0,15.53,100,0,26.93666667
"Waterloo-Cedar Falls, IA Metro Area",2025,0.09333333333,50.32333333,0,14.89333333,76.95666667,0,1.246666667,2.153333333,100,5.83,100,15.72333333,0,10.10333333,42.13333333
"Lewiston, ID-WA Metro Area",2025,0.6266666667,34.53,0,11.07666667,66.27666667,0,0.68,0,100,10.69,0,16.85666667,100,0,65.20666667
"Claremont-Lebanon, NH-VT Micro Area",2025,3.273333333,38.03,0.38,12.45333333,57.49,100,1.313333333,0.07333333333,100,8.67,100,25.29333333,100,0,58.61666667
"Tyler, TX Metro Area",2025,1.516666667,41.01666667,1.973333333,11.17,53.17,100,2.223333333,0.64,100,8.18,100,19.66,100,12.79333333,37.3
"Rocky Mount, NC Metro Area",2025,1.733333333,43.78333333,1.03,10.81,70.22666667,100,0.7666666667,6.088888889,100,7.223333333,100,23.58333333,100,61.93333333,53.69
"Visalia-Porterville, CA Metro Area",2025,0.7833333333,48.79666667,0,14.23333333,72.64,100,1.506666667,0,100,6.79,0,11.27,100,0,29.94666667
"Modesto, CA Metro Area",2025,0.8116666667,30.5,0.7183333333,9.66,67.98666667,0,0.58,0.315,100,8.27,100,14.43333333,100,21.88166667,25.51333333
"Fort Payne, AL Micro Area",2025,0,30.03666667,2.098333333,9.266666667,68.81333333,100,1.466666667,0.9766666667,100,7.56,100,19.09333333,100,5.321666667,52.67666667
"Knoxville, TN Metro Area",2025,0,36.82,0,8.31,70.02666667,100,14.12666667,0.01,100,9.436666667,22.16666667,3.833333333,0,0,28.39666667
"Savannah, GA Metro Area",2025,5.62,52.39333333,0,13.73333333,81.71333333,100,0,0,100,8.926666667,21.8,24.15,100,0.4233333333,75.04333333
"Richmond, IN Micro Area",2025,0,38.76,0.4566666667,14.08333333,75.95,0,0.91,0.006666666667,100,5.786666667,100,14.50333333,100,36.56,64.54333333
"Frankfort, KY Micro Area",2025,0,38.06666667,5.203333333,10.56666667,61.64666667,100,1.07,0.8816666667,100,8.963333333,100,20.21666667,100,12.415,57.34
"Salisbury, MD-DE Metro Area",2025,0,42.65666667,0.6466666667,15.59,80.36,0,1.026666667,0,100,8.11,91.73333333,4.606666667,0,0,33.75
"Moses Lake, WA Micro Area",2025,0.54,47.67333333,0,13.99,77.97666667,67.25,2.21,0,100,4.916666667,0,29.1,0,0,89.99333333
"Hutchinson, KS Micro Area",2025,1.436666667,43.08,0,15.13666667,77.94666667,100,0.7933333333,0.03666666667,100,9.1,0,37.68666667,100,12.46,84.67333333
"Meadville, PA Micro Area",2025,0,29.56,0.7433333333,13.12666667,71.26666667,100,0.4233333333,0,100,5.89,0,8.65,100,24.88666667,30.65666667
"Deltona-Daytona Beach-Ormond Beach, FL Metro Area",2025,1.583333333,25.4,0.9233333333,9.736666667,68.25666667,100,1.28,0.03,100,8.54,13.43333333,20.36,100,2.426666667,45.89333333
"Hammond, LA Metro Area",2025,5.23,47.14,0,13.96666667,78.22,0,0.255,0,100,7.253333333,0,13.4,100,0,38.88333333
"Raleigh, NC Metro Area",2025,0,41.88666667,3.906666667,12.49666667,68.93666667,100,0.4833333333,0.05333333333,100,8.59,100,15.91333333,100,4.493333333,28.61333333
"Albany, GA Metro Area",2025,5.41,35.94,0,11.39,73.95666667,100,0.7183333333,1.04,100,9.086666667,100,4,100,8.52,29.98333333
"Greeley, CO Metro Area",2025,0,43.6,0.006666666667,15.82666667,73.6,100,0,0,100,6.093333333,100,3.366666667,100,0,11.26666667
"Rapid City, SD Metro Area",2025,0,46.76666667,3.646666667,12.32666667,69.62333333,100,1.163333333,0.08,100,6.383333333,100,19.73333333,100,8.171666667,66.11333333
"Atlanta-Sandy Springs-Roswell, GA Metro Area",2025,1.023333333,36.49,0.2366666667,12.95666667,75.68,0,1.213333333,0.04666666667,100,6.183333333,30.36666667,14.48333333,0,3.326666667,44.09333333
"Greeneville, TN Micro Area",2025,5.66,45.42666667,0.3133333333,18.54666667,66.14666667,100,0.1466666667,0,100,8.318333333,100,12.03666667,100,46.01333333,27.38333333
"Jonesboro, AR Metro Area",2025,3.215,36.98666667,1.066666667,12.03,64.21333333,100,0.86,0,100,9.243333333,0,15.3,100,0,56.50666667
"Clearlake, CA Micro Area",2025,0,27.74666667,0.6966666667,10.71333333,67.65666667,0,1.38,0.01,100,8.893333333,1.633333333,2.61,0,27.02833333,49.07333333
"Statesboro, GA Micro Area",2025,0,27.24,0,12.57333333,68.40666667,100,0,0.05333333333,100,9.596666667,100,12.82666667,100,6.678333333,39.30333333
"Pueblo, CO Metro Area",2025,0,44.47,0,17.06,81.35666667,100,3.203333333,0.04666666667,100,5.216666667,11.7,8.286666667,0,0,22.48333333
"Danville, IL Metro Area",2025,25.1,47.36666667,0.2933333333,12.68333333,79.25666667,100,1.453333333,0.3733333333,100,9.446666667,61,32.71333333,100,9.281666667,72.96
"La Crosse-Onalaska, WI-MN Metro Area",2025,0,42.87333333,0,10.79333333,68.78666667,0,41.075,0.25,100,11.54333333,100,12.61,0,0.7766666667,17.12333333
"St. Joseph, MO-KS Metro Area",2025,0,39.58666667,0,7.24,57.41333333,100,2.395,0,100,14.01333333,96.06666667,22.42,100,0,81.38333333
"Mount Vernon-Anacortes, WA Metro Area",2025,0.2783333333,53.43666667,0,11.59333333,60.44,100,0.09166666667,0.7516666667,100,7.643333333,100,37.20333333,100,1.916666667,65.5
"Lafayette, LA Metro Area",2025,14.38333333,44.88333333,0,13.26333333,67.81666667,100,0.9777777778,0.07777777778,100,14.2,100,17.73333333,100,1.433333333,35.07
"Providence-Warwick, RI-MA Metro Area",2025,0,40.91666667,0.12,11.21,78.90333333,100,2.43,0,100,5.196666667,0,14.16666667,0,0,16.35
"Klamath Falls, OR Micro Area",2025,0,35.01,0,8.73,74.22,0,0.26,0,100,9.663333333,0,3.136666667,0,0,31.28333333
"Ponce, PR Metro Area",2025,0,24.31,1.893333333,10.36333333,66.78333333,100,0,0,100,9.466666667,40.66666667,0.7866666667,100,0,24.85
"Ames, IA Metro Area",2025,0,44.34333333,0,15.62333333,80.67,0,0,0,100,10.68,0,20.96,0,0,61.78666667
"Holland, MI Micro Area",2025,0,35.32666667,1.64,11.74,56.14,100,0.745,0,100,9.726666667,100,5.253333333,0,0,8.913333333
"Clarksville, TN-KY Metro Area",2025,0.3933333333,40.65333333,0.3166666667,14.05,64.53333333,0,1.055,0.1033333333,100,10.99666667,3.533333333,19.82666667,0,20.21833333,53.07333333
"Decatur, AL Metro Area",2025,0,40.22,0,12.97333333,69.41,100,2.29,0,100,14.27666667,0,10.03333333,100,0,15.9
"Lake City, FL Micro Area",2025,2.822222222,44.21333333,1.41,14.60666667,71.66,100,1.4,0.7,100,6.445,100,22.67,100,13.67222222,50.81
"Kankakee, IL Metro Area",2025,0,60.48,0,19.40666667,78.25,0,0,0,100,8.313333333,0,17.17333333,100,1.776666667,41.78
"Kingston, NY Metro Area",2025,0,38.17666667,0,11.98,75.83,100,0.41,0,100,10.40666667,0,9.663333333,0,0,37.62333333
"Richmond-Berea, KY Micro Area",2025,2.553333333,50.45333333,0.15,13.27333333,75.75,0,0,0,100,5.773333333,0,30.46666667,100,23.33333333,56.33
"Richmond, VA Metro Area",2025,3.826666667,43.39,0,13.61666667,75.40333333,0,0.68,0,100,7.346666667,0,21.62666667,0,29.66666667,59.26333333
"Reading, PA Metro Area",2025,0,51.31666667,0,13.22,77.22666667,100,1.446666667,0,100,5.286666667,0,19.34666667,0,0,72.06333333
"Great Falls, MT Metro Area",2025,0,35.17666667,0.06,11.10333333,68.05666667,100,0,0,100,4.993333333,0,7.963333333,0,0,16.56666667
"Owosso, MI Micro Area",2025,0,40.06,1.816666667,14.31,69.66,100,0.04666666667,0,100,5.17,61.86666667,24.13333333,100,17.78333333,77.82666667
"Salem, OR Metro Area",2025,0,41.12,0,13.47333333,73.83333333,100,0.9233333333,0.3566666667,100,8.146666667,100,12.5,0,1.42,47.3
"Mankato-North Mankato, MN Metro Area",2025,2.083333333,59.47777778,0,12.24444444,71.36666667,100,2.427777778,0.1888888889,100,16.41111111,100,41.68888889,100,2.088888889,97.87777778
"Saginaw, MI Metro Area",2025,0,48.35666667,0.53,18.93,85.01333333,0,1.081666667,0.02333333333,100,6.64,17.03333333,12.37,0,0,63.74
"Fort Wayne, IN Metro Area",2025,0,33.34333333,0.2066666667,12.44666667,71.62,0,0.2233333333,0,100,7.08,0,7.253333333,0,0,30.75